bretonnian_group = {
	graphical_cultures = { bretonniangfx holygfx frankishgfx westerngfx }

	armoric = {
		graphical_cultures = { bretonniangfx holygfx westerngfx }
		#Brittany

		color = { 0.3 0.7 0.7 }

		male_names = {
			Adalhard Afregar Aiden Aigulf Alan_Alan Alar_Alaric Alor Alwen Alwen_Alwyn Alwena Andrev_Andrew Anton Anton_Antoninus
			Aodred Archantael Arnald_Arnold Arzhael Arzhel Arzhur_Arthur Baldoen_Baldwin Ballaume Baudoin_Baldwin Beltram Benabic Bernez
			Bernez_Bernard Bertelis Blaez_Blaise Bodognous Bougars Bran_Bran Brandon Brendan Brevalaer Briac_Brian Brient Brigacos Budic Budoc
			Carloman Chrodegang Daniel_Daniel Deniel_Daniel Derrien Devi_David Diomede Donan Donoal_Donald Drogon_Drogo Edern Edern_Edyrn
			Edouarzh Edouarzh_Edward Emmerin Eneour Enisan Eon Eon_John Eozen_Otto Erispoe Erwan Erwan_Yves Eustace_Eustace Eustache_Eustace
			Everard Ewen Farulin Felix_Felix Ferragus Fragan Fransez_Francis Frañsez_Francis Gael_Judikael Gallmau Garin Gaston Gennovevs Girec Glen
			Godfrey Gormou Gourmaelon Govran Gralon Gregor_Gregory Guido Guimarch Gurwant Guy_Guy Guyomarch Gweltaz Gwenole Gwereg Gwilherm_William
			Hamon Helori Heranal Herri_Henry Hesdren Hoel Hoël_Hugh Hrodbert Huiarnviu_Harvey Ilan Ildut Iocilin_Joscelin Iusti Jacen Jafrez Jafrez_Godfrey
			Jakez Jakez_Jacob Jalm Jaoua Jehan Jehan_John Jermen Jilberzh_Gilbert Jord Jord_Jordan Jos Judikael Judikael_Judikael Kado_Cadoc Kadog_Cadoc
			Kadvalaer Kaourantin Karadeg Karadeg_Caradog Karlz_Charles Kavan Klaoda Konan Konan_Conan Kongar Konwoion Koulizh Landuin Laorans_Laurence
			Leobas Leri Liudver Loeiz_Louis Lothar Louen_Louis Louis_Louis Lukaz Lukaz_Lucas
			Maelog Maldred Mallobaude Marrec Marzhin_Martin Mazhe_Matthew
			Meogon Meriadeg Merovech Mihael_Michael Mikael_Michael Morvan Neven Nikolaz_Nicholas Nominoe
			Odo Olier_Oliver Orderic Padrig_Patrick
			Panteleon Paol_Paul Pasquitan Pêr_Peter Piers Redemund Renan Riaged Riok Riwall Roche Roland Ronan Roparzh_Robert
			Salaün_Salamon Samzun Seog_George Sian_John Stefen_Stephen Suidbert
			Tanet Tedbert Theudis Thierulf Treveur Tristan Tudual_Tewdwr Turtoualdus
			Urvod
			Vinsant_Vincent Vormvini Waldon Wiomarch Yann_John Yonec
		}
		female_names = {
			Adela_Adela Alana Alis_Alice Andreva Annick_Anna Aouregan Aourell Argantlon Armengild Arzhela Asceline Augustine Aurore Avenie Azenor_Eleanor Aziliz_Cecilia
			Beladora Berched_Brigid Bertha_Bertha Berthildis_Bertha Bleuzenn_Blodwen Brendana
			Chrodegard
			Deneza_Denise Deniela Dhuoda Drilego
			Ederna Elara Eleanor_Eleanor Elen_Helen Elena_Elaine Elesbed_Elisabeth Eliza_Elisabeth Enora Enougen Erwana_Yvonne
			Franseza Frenegrande
			Gaela Gladez_Gwladys Gwenn_Gwen
			Hawiz_Hawise Heloise_Eloise Heodez Hoela Hrotswitha
			Isolde Izolde
			Janed_Joan Jenovefa
			Karidwen Katell_Catherine Konstanza_Constance Kristen_Christina
			Laoransa Lara Levenez Lisseut Loeiza_Louise
			Madenn Maela Malfleur Manon Marcharit_Margaret Mari_Maria Marie_Maria Marzhina Mathilde_Matilda Matilin_Magdalena Mona Morganez_Morganna Morvana
			Nedeleg Nimugild Nolwenn Nonn
			Oanez_Agnes
			Padriga_Patricia Perlesault Prostlon
			Repanse Rhadegund Rivanon_Rhiannon Ronana Rozenn Rumengild
			Seva Sirisgard Sonengund Sterenn Sulgwenn
			Tedvil Trifin Tristana
			Uriell
			Vermengard
			Walswitha
			Youenna_Joan Ysabelle_Elisabeth
		}

		from_dynasty_prefix = "de "

		modifier = bretonnian_armoric_culture_modifier

		pat_grf_name_chance = 80
		mat_grf_name_chance = 0
		father_name_chance = 0

		pat_grm_name_chance = 10
		mat_grm_name_chance = 50
		mother_name_chance = 0
	}

	bourgon = {
		graphical_cultures = { bretonniangfx englishgfx holygfx westerngfx }

		color = { 0.1 0.3 0.5 }

		male_names = {
			Achille Adrien Agilgar Aiden Aigulf Alan Albert Albret_Albert Alex Alexandre Alexis Alvin Amara Ambrouse Andy Anthony Antoine Antonin Antoune Arnaud Arnauf_Arnulf Arno Arnoud_Arnold Arthur Artur Axel Aymeric
			Baldèric Barend Barnerd_Bernard Bartolomeus_Bartolomeus Bavo Bence Benjamin Benoît Bertelis Bertoud Boudouin_Baldwin
			Carel_Charles Carloman Cassyron Cédric Christian Chrodegang Claès_Nicholas Claeuert Clement Corentin Counrad_Konrad Cyril
			Dames Damien David Devit_David Diederic_Thierry Dirc_Thierry Dorian Douès Dylan
			Ecbert Eduard_Edward Egmund Eliot Emile Emmo Engeubret Estrebert Euric
			Ferragus Filip_Philip Florian Floris Folcard Foubert Francois Fränk Frans_Francis Frederic_Frederick
			Gaëtan Gauthier Geoffrey Gerard_Gerard Geroud Gerouf Gilles Gisbret Giselbert_Gilbert Godofrid_Godfrey Gosalc Gozeouin Grégoire Grégory Gui_Guy Guide_Gwijde Guillaume_William Guillem_William
			Hendric_Henry Henri Herman_Herman Houberd Hrodbert Hugo_Hugh
			Ilias Inès Isbrand Isbret
			Jacco_Jacob Jacen Jacob_Jacob Jan_John Jasper Jean Jeanne Jérémy Jerome John Jonas Jonathan Jordan Julien Justin
			Karim Kévin
			Lambert_Lambert Laurent Leopold Loïc Loris Louis Luca Lucas Ludouic_Louis Ludouin Ludovic Lutbert Luthard
			Marquart Martin Martrud Mathieu Matteo Matthias Max Maxence Maxime Merovech Mertin_Martin Michael Michel Mitchell
			Nathan Niclaès_Nicholas Nicolas
			Odo Olivier Olivier_Oliver Onno Orderic Otouin Otto_Otto
			Panteleon Patrick Péter Pierre Piers Pieter_Peter
			Quentin
			Raphaël Rebigner Redemund Reginar Reinerd Reinoud_Reinhold Renart Robert_Robert Robin Robrert_Robert Roche Rodulf Roelof Roland Romain Rutger
			Samuel Sebastien_Sebastian Sicco Simon_Simon Stein_Sten Stéphane_Stephen Steven_Stephen Suidbert
			Tanguy Theodolf Thibault Thibaut Thomas Thuidis Tom
			Vaelram Valentin Valter_Walter Vincent Viquer Volfard
			Waldon William_William
			Xavier
			Yonec
		}
		female_names = {
			Ada Adela_Adela Adelheide_Adelaide Aete Agaete Aléa Aleide Alexandra Alexia Alice Alicia Aline Aliquen Alise_Alice Alix Amandine Ambre Amélie Anaïs Ange Angele Anna_Anna Annabelle_Anna Anne_Anna Annelies_Anna Armengild Asta Audrey Aurelie Auréliia Aurore
			Badeloge Bava Béatrice Beatris_Beatrice Benedicta_Benedicta Blance_Blanche Blanceflore
			Camille Caroline Cassandra Catarina_Catherine Caterina_Catherine Catherine_Catherine Catriene_Catherine Catrine_Catherine Cecilie_Cecilia Celia Céline Charlotte Chiara Chloé Chrodegard Cille Cirielle Claire Clara Clara_Clara Clémence Clementia Clémentine Coline Coralie Cynthia
			Déborah
			Elisa Elisabete_Elisabeth Elisabeth Elise Ellinore_Eleanor Elodie Eloïse Emilie Emma Emma_Emma Ermingarde_Ermengarde Estelle
			Fenne Filippa_Philippa Florence Frida
			Gaëlle Genevieve Gerda Ghertrude_Gertrude Godila Guillemine
			Hadouine Helena_Helen Hélène Heloise_Eloise Herlinda Hilligonda Hrotwitha
			Ide_Ida Imagina Inès Irene_Irene Isabelle Isabelle_Elisabeth Isolde Iudithe Ivonne_Yvonne
			Jaccobine Jacoba Jaria Jasminne Jeanne Jennifair Jessi Jessica Jionefi Johanna_Joan Jolanda Julia Juliane_Juliana Julie Juliette Justine Jutte
			Kelly Kim
			Laetitia Laura Laure Laurence Laurie Léa Leila Léna Lidouine Lisa Lisebette_Elisabeth Louise Lucie Ludivine Lux
			Machetela Maelle Maïlis Manon Margarette_Margaret Margaux Margot Maria_Maria Marie_Maria Marine Marion Mathilde_Matilda Megane Mélanie Mélina Mélissa Michelle Morgane
			Naomi Nimugild Noémie Nora
			Océane Oda Odelte Olinde Onna Ophélie Otilia
			Pauline Perlesault Pieternelle_Petronilla
			Rachel Reinilde Rhadegund Rochelle Rose
			Sabrina Sandra Sanne Sara Sarah Sigerda Sirisgard Sofia Sonengund Sophie Sophie_Sophia Souanilde Stephanie
			Teburga_Tiburge
			Valentine Valerie Valtrude Vanessa Vendelmètte Venna Verena Victoria_Victoria Vila Virginie
			Walswitha
			Yasmine
			Zoé Zoete
		}

		from_dynasty_prefix = "de "
		grammar_transform = french

		modifier = bretonnian_bourgon_culture_modifier

		pat_grf_name_chance = 60
		mat_grf_name_chance = 10
		father_name_chance = 10

		pat_grm_name_chance = 10
		mat_grm_name_chance = 60
		mother_name_chance = 10
	}

	breton = {
		graphical_cultures = { bretonniangfx holygfx westerngfx }

		color = { 0.4 0.3 0.7 }

		male_names = {
			Adalbert_Albert Adémar Adrien Aimery_Aymeric Alain_Alan Aldebert_Albert Aldéric Alphonse_Alphonse Amaury_Amalric
			Amédée Ancel André_Andrew Angelbert Antoine_Antoninus Archambaud_Archibald Arnaud_Arnold Arnault_Arnold Arnoul_Arnulf Aubry Aymar
			Barthélémi_Bartolomeus Baudoin_Baldwin Baudouin_Baldwin Benoît_Benedict Bérenger_Berengar Bernard_Bernard Bertrand_Bertrand Bohemond Boson_Boson Bouchard
			Centule_Centule Charles_Charles Clotaire Calard
			Ebbon Enguerrand Eudes_Otto Édouard_Edward Érrard Étienne_Stephen Eustache_Eustace Evrard
			Foulques_Folke François_Francis Frédéric_Frederick
			Géraud_Gerald Gargamel Gaucher Gaucelin_Joscelin Gauthier_Walter Geoffroy_Godfrey Géraud_Gerard Gelduin Gilbert_Gilbert Gilles_Egidius Godefroy_Godfrey Guichard Guiges Guilhem_William Guillaume_William Guy_Guy
			Hélie Hamelin Henri_Henry Herbert Hildebert Hugues_Hugh Humbert_Humbert
			Jacques_Jacob Jaufré_Godfrey Jaspert Jean_John Josselin_Joscelin Jourdain_Jordan Jules Julien_Julian
			Léon Léonard Lothaire_Lothar Louis_Louis Louen_Louis Loup_Lupo
			Manassès Mathieu_Matthew Maurice Maloric
			Nicolas_Nicholas
			Ogier Onfroy Orson Othon_Otto
			Payen_Pagan Philippe_Philip Pierre_Peter
			Raimbaut Raoul_Ralph Raymond_Raymond Raynaud_Reinhold Renaud_Reinhold Richard_Richard Robert_Robert Robin Roche Roger_Roger Rorgon Rorgues Roubaud
			Savary Sigismond_Sigmund Simon_Simon
			Thibault_Theobald Thiébaut_Theobald Thierry_Thierry Thomas_Thomas
			Valeran
			Yves
		}
		female_names = {
			Anara Adèle_Adela Adalmode_Almodis Adelaide_Adelaide Adelinde Agathe_Agatha Agnès_Agnes Aléarde Alice_Alice Aliénor_Eleanor
			Alix_Alice Almodis_Almodis Amelie_Amelia Anne_Anna Antoinette Arsinde_Arsenda Aude Aurengarde
			Béatrice_Beatrice Béatrix_Beatrice Belleassez Benoîte Bérengère Berthe Blanche_Blanche Bonne_Bonne Bourgogne Bourguigne
			Cécile_Cecilia Cathèrine_Catherine Charlotte Constance_Constance
			Denise Douce_Douce
			Echive Eglantine Éléonore_Eleanor Élodie Étiennette Elisabeth_Elisabeth Emma_Emma Ermengarde_Ermengarde Ermessinde_Ermesinda Esclarmonde_Esclarmunda Euphrosine_Euphrosyne Eustachie Eve_Eva
			Gerberge_Gerberga Gisèle_Gisela Guillaumette
			Héloise_Eloise Helvis Hodierne
			Ide_Ida Ida_Ida Ildégarde_Hildegard Isabeau_Elisabeth Isabelle_Elisabeth
			Jeanne_Joan Judith_Judith Julienne_Juliana
			Mafalda Mahaut_Mahaut Margot Marguerite_Margaret Marie_Maria Marthe_Martha Mascarose_Mascarosa Mathilde_Matilda Mélisande_Melisende Mélisende_Melisende Mélusine
			Péronelle_Peronella Pernelle_Peronella Perinne Pernette Plaisance_Plaisance
			Raymonde Renée Rochelle
			Sarrazine Solène Sophie_Sophia Stéphanie_Stephania Sybille_Sibylla
			Tiburge_Tiburge
			Valence_Yolanda
			Yolande_Yolanda
		}
		from_dynasty_prefix = "de "
		grammar_transform = french

		modifier = bretonnian_culture_modifier

		pat_grf_name_chance = 60
		mat_grf_name_chance = 10
		father_name_chance = 10

		pat_grm_name_chance = 10
		mat_grm_name_chance = 60
		mother_name_chance = 10
	}

	carcassian = {
		graphical_cultures = { bretonniangfx holygfx westerngfx }

		color = { 0.8 0.4 0.7 }
		male_names = {
			Eduar_Edward Erardo Etieno_Stephen Adalberto_Albert Adémar Adrian Aimerín_Aymeric Alain Aldeberto_Albert Alderico Alphons_Alphonse Amaurín_Amalric
			Amedéz Ancel Andrés_Andrew Angelberto Antoin_Antoninus Arcambaldo_Archibald Arnaldo_Arnold Arnaul_Arnold Arnul_Arnulf Aubrésio Aimar Bartelemo_Bartolomeus
			Baldoino_Baldwin Benoím_Benedict Berenger_Berengar Bernardo_Bernard Bertrando_Bertrand Boremundo Boson_Boson Bucardo Centulés_Centule Carles_Charles
			Clotair Ebono Engueraldo Eudés_Otto Eustacio_Eustace Evaldo Folces_Folke Françosio_Francis Frederico_Frederick Geraldo_Gerald Gargamelo Gaucio Galcelin_Joscelin
			Gautiero_Walter Geofrio_Godfrey Geraldo_Gerard Guelduín Gilberto_Gilbert Gilio_Egidius Godefrio_Godfrey Guicardo Guigés Guillemo_William Guillaumo_William
			Gui_Guy Heliés Hamelín Henrico_Henry Herberto Hildeberto Hugués_Hugh Humberto_Humbert Jaqués_Jacob Jaufrés_Godfrey Jasperto Jean_John Josselin_Joscelin
			Jordan_Jordan Jules_Julian Léon Leonardo Lotaro Luis_Louis Lopo_Lupo Manassès Matel_Matthew Mauricio Nicolas_Nicholas Oger Onfrés Orsón Otón_Otto
			Paen_Pagan Philippo_Philip Pirres_Peter Raimbaldo Raul_Ralph Raimundo_Raymond Rainaldo_Reinhold Renaldo_Reinhold Ricardo_Richard Roberto_Robert Robín Rogerio_Roger
			Rorgón Rorgues Robaldo Savar Sigismundo_Sigmund Simon_Simon Tibaldo_Theobald Tiebaldo_Theobald Tierio_Thierry Tomás_Thomas Valeran Ives Roche
		}
		female_names = {
			Eleonora_Eleanor Eloda Etienneta Adela_Adela Adalmoda_Almodis Adelaida_Adelaide Adelinda Agata_Agatha Agnès_Agnes Aléarda Alice_Alice Aliénor_Eleanor
			Alix_Alice Almodis_Almodis Amela_Amelia Anna_Anna Antoneta Arsinda_Arsenda Auda Aurengarda Beatriça_Beatrice Beatrix_Beatrice Beleassez Benoita Berengera
			Berta Blanca_Blanche Bona_Bonne Borgoña Borguinã Cecila_Cecilia Caterina_Catherine Carlota Constança_Constance Denisa Dolça_Douce Eciva Egalantina
			Elisabete_Elisabeth Emma_Emma Ermengarda_Ermengarde Ermessinda_Ermesinda Esclarmonda_Esclarmunda Euphrosina_Euphrosyne Eustaquia Eva_Eva Gerberga_Gerberga
			Gisela_Gisela Guillaumeta Heloisa_Eloise Helvisa Hodierna Ides_Ida Ida_Ida Ildegarda_Hildegard Isabel_Elisabeth Isabella_Elisabeth Jane_Joan Judite_Judith
			Julena_Juliana Mafalda Marauta_Mahaut Margota Marguerita_Margaret Maria_Maria Marta_Martha Mascarosa_Mascarosa Matilda_Matilda Melisanda_Melisende
			Melisenda_Melisende Melusina Peronela_Peronella Pernella_Peronella Perina Perneta Plaisança_Plaisance Raimonda Sarrazina Solena Sophia_Sophia
			Estephania_Stephania Sibilla_Sibylla Tiburga_Tiburge Valença_Yolanda Iolanda_Yolanda Rochelle
		}
		from_dynasty_prefix = "de "
		grammar_transform = french

		modifier = bretonnian_carcassian_culture_modifier
	}

	gascon = {
		graphical_cultures = { bretonniangfx englishgfx holygfx westerngfx }

		color = { 0.2 0.4 0.6 }

		male_names = {
			Adhémar Acfred_Alfred Aimeric_Aymeric Alberic_Alberic Albert_Albert Aldebert_Albert Alias_Helias Anfòs_Alphonse Amalric_Amalric Amaneus Ancelmes André_Andrew Archambaut_Archibald Arnaut_Arnold Artau_Artal Aton Audoïn Aymar_Aymeric Aymeric_Aymeric Aznar_Aznar
			Barral Bartoumiéu_Bartolomeus Baudoïn_Baldwin Beneset_Benedict Bérard_Bernard Berenguié_Berengar Bermond_Vermudo Bernat_Bernard Bernat-Aton Bernat-Ezi Bertrand_Bertrand Blasi_Blaise Borel Boson_Boson
			Carles_Charles Charlen Clamenç_Clement Centolh_Centule
			Dàvi_David Dat_Theodat Dodon Doumenge Duran
			Ebles_Otto Emmanuèl_Manuel Enric_Henry Ermengau Estève_Stephen
			Filip_Philip Ferrand_Ferdinand Florènç Folquet_Folke Francés_Francis Frederi_Frederick
			Garcia_Garcia Gaston_Gaston Gausbert_Gausbert Gautier_Walter Gilbèrt_Gilbert Girard_Gerard Girvais Godafres_Godfrey Gui_Guy Guichard Guigues_Guy Guilhèm_William Guiraud_Gerald Guitart_Gerard
			Ives
			Jacme_Jacob Jaufret_Godfrey Joan_John Jordan_Jordan Jorge_George Josselin_Joscelin Julian_Julian
			Laurènç_Laurence Leon_Leo Loïs_Louis Loui_Louis Lop_Lupo
			Marçau Martin_Martin Matfre_Manfred Matias_Matthew Milo Miquel_Michael
			Nicholaus_Nicholas
			Odon_Otto Otton_Otto
			Pèire_Peter Péire-Arnaut Péire-Raimond Peranudet Pol_Paul Pons_Pons
			Raimond_Raymond Raimond-Berenguié_Raymond-Berengar Rainaut_Reinhold Rainer Raolf_Ralph Ricard_Richard Robèrt_Robert Rogier_Roger
			Sancho_Sancho Savarics Simon_Simon
			Tièrri_Thierry Tibaud_Theobald Toumas_Thomas
			Ubald Ubert_Humbert Uc_Hugh Ugues_Hugh
			Vézian Vicenç_Vincent
		}
		female_names = {
			Adèla_Adela Adalaïda_Adelaide Adeltrudis Agata_Agatha Aïna_Emma Ainès_Agnes Alaïs_Alice Alienòr_Eleanor Aliç_Alice Almòdis_Almodis Alpaïs Ana_Anna Arsenda_Arsenda Assalhida Ava Azalaïs Azelma
			Bòna_Bonne Beatritz_Beatrice Berenguela Berta Blanca_Blanche Brandimena Bregida_Brigid Brunissenda
			Camila Carlòta Caterina_Catherine Cecilia_Cecilia Clara_Clara Clarmonda_Esclarmunda Clemència_Clementia Cloutilda_Clotilde Constància_Constance Dolça_Douce
			Eisabèu_Elisabeth Elena_Helen Elisa_Elisabeth Elisabèta_Elisabeth Ermengarda_Ermengarde Ermessentz_Ermesinda Esclarmonda_Esclarmunda Estefania_Stephania Eufèmia Eufrosina_Euphrosyne
			Faidida Filipa_Philippa Filomena Flòra_Flora Francesa_Francesca
			Garcenda Geneviva Gerbèrga_Gerberga Gersenda Gisla_Gisela Guigone Guilheumina
			Heloise_Eloise
			Ioulanda_Yolanda Isabèu_Elisabeth Isabèla_Elisabeth
			Joana_Joan Juliana_Juliana
			Lúcia_Lucia Laura_Laura Loïsa_Louise
			Mabila Madalena_Magdalena Margarida_Margaret Maria_Maria Marquisa Marta_Martha Mascaròsa_Mascarosa Matilda_Matilda Melisènda_Melisende
			Navar
			Patricia_Patricia Peironèla_Peronella Petronilha_Petronilla Puelle
			Raisenda Raimonda Richènda_Ricarda Rosèla Rosa
			Sança_Sancha Sibilla_Sibylla
			Terèsa_Teresa Tiborg_Tiburge
			Verounica Violent_Yolanda
		}
		from_dynasty_prefix = "de "
		grammar_transform = french

		pat_grf_name_chance = 30
		mat_grf_name_chance = 10
		father_name_chance = 25

		pat_grm_name_chance = 20
		mat_grm_name_chance = 40
		mother_name_chance = 5

		modifier = bretonnian_gascon_culture_modifier
	}

	gisoren = {
		graphical_cultures = { bretonniangfx holygfx westerngfx }

		color = { 0.3 0.3 0.7 }

		male_names = {
			Albèrt_Albert Allen_Alan Amèdê_Amadeus Anselme_Anselm Antouèno_Antoninus Aymon_Aymon Adhémar Aimeric_Aymeric Alberic Alfons_Alphonse Amalric_Amalric Amanieu Anfós Ansèume Archambault_Archibald Arnaut_Arnold Artau Audoïn Aymer
			Benêt_Benedict Bèrnârd_Bernard Bèrnârden_Bernard Bertolomi_Bartolomeus Blése_Blaise Boniface_Bonifacius Barnard_Bernard	Barral Bartoumiéu_Bartolomeus Baudoïn_Baldwin Beneset_Benedict Berard_Bernard Berenguié_Berengar Bernat_Bernard Bertran_Bertrand Blasi_Blaise Borel
			Cèlesten_Celestine Charles_Charles Chiâfen_Serapion Chianden_Alexander Chiegiae_Kaisarios Chievien_Silvanus Cllèment_Clement Cretoublo_Christopher Carles_Charles Clamenç_Clement Centolh_Centule
			Deni_Dionysus Dolfe_Adolf Domenico_Dominic Donis_Adonis Dàvi_David Deodat_Theodat Dodon Doumenge Duran
			Echiéno_Stephen Èdouad_Edward Elouè_Eligius Èmanuèl_Manuel Ezèbe_Eusebius Ebles Emmanuèl Enric_Henry Ermengaud Estève_Stephen Eudon_Otto
			Fejanse_Fulgence Felepo_Philip Fèli_Felix Fèlix_Felix Fiermen_Firmin Filibèrt Flavien_Flavius Floanten_Florent Françouès_Francis Frédéric_Frederick	Fontchie_Alphonse Felip_Philip Ferrand_Ferdinand Florènç Folcaud_Folke Francés_Francis Frederi_Frederick
			Gaspar_Gaspar Giamen_Benjamin Gian_John Giaquen_Joachim Gièpen_Joseph Giillo_Virgil Giogiè_Claudius Gioulien_Julian Goustino_Augustus Gueuste_Augustus Gaston_Gaston Gautier_Walter Gilbèrt_Gilbert Girard_Gerard Girvais Godafres_Godfrey
			Gui_Guy Guigues_Guy Guilhèm_William Guiraud_Gerald Guitart_Gerard
			Hiacinte_Hyacinth Hombèrt_Humbert Honorâ_Honore
			Ilère_Hilarius Isidôr_Isidor Ives
			Jâco_Jacob Jermen_Germanos Joan_John Jacme_Jacob Jaufres_Godfrey Jaume_Jacob Jordan_Jordan Jorge_George
			Josselin_Joscelin Julian_Julian
			Lionâl_Leo Lionâr_Leonard Louis_Louis Laurènç_Laurence Leon_Leo Loïs_Louis Loui_Louis Lop_Lupo
			Machieu_Matthew Manuel_Manuel Marsi_Marcel Marsélen_Marcel Martin_Martin Massimen_Maximos Mechiél_Michael Medâr_Medardus Mèdèo_Amadeus Moris_Maurice Moté_Timotheos Marçau Matias_Matthew Michels_Michael Milo Miquel
			Nicola_Nicholas Nicolin_Nicholas Nicolau_Nicholas
			Ombêr_Humbert Or_Ursus Oton_Otto Oyen_Eugene Odon_Otto Otton_Otto
			Pèlagie_Pelagius Piere_Peter Piérro_Peter Poulinère_Apollinaris Pèire_Peter Pau_Paul Peranudet Ponç_Pons
			Ramien_Raymond Remi_Remi Rèmon_Raymond Rico_Henry Rober_Robert Rainaud_Reinhold Rainers Raolf_Ralph Ricard_Richard Robèrt_Robert Rogier_Roger Raimon_Raymond
			Samiel_Samuel Sandre_Alexander Savêtro_Silvester Sèrilye_Cyril Seulpi_Sulpice Sezar_Kaisarios Siâque_Jacob Silven_Silvanus Souprien_Cyprian Sanç_Sancho Savarics Simoun_Simon
			Téodule_Theodore Tiillo_Attilius Tomas_Thomas Toubie_Tobias Tièrri_Thierry Tibaud_Theobald Toumas_Thomas
			Variste_Evaristus Vensan_Vincent Venchian_Vincent Vitor_Victor Vitoren_Victor Vinsen_Vincent
			Zavié Zéfi
		}

		female_names = {
			Alesi_Alexis Alice_Alice Ana_Anna Anjèle_Angela Adèla_Adela Adalaïda_Adelaide Adeltrudis Agata_Agatha Agnès_Agnes Alaïs Alienòr_Eleanor Aliç_Alice Almòdis_Almodis Alpaïs Arsenda_Arsenda Assalhida Azalaïs Azelma
			Bòna_Bonne Beatritz_Beatrice Berenguela Berta Blanca_Blanche Brandimena Bregida_Brigid Brunissenda
			Camila Carlòta Caterina_Catherine Cecilia_Cecilia Catèlena_Catherine Chiandine_Alexandra Chievie_Silvia Clara_Clara Clarmonda_Esclarmunda Clemència_Clementia Cloutilda_Clotilde Constància_Constance
			Dèline_Adela Dolça_Douce
			Estêl_Stella Estêr_Ester Elisa_Elisabeth Elisabèta_Elisabeth Emma_Emma Ermengarda_Ermengarde Ermessentz_Ermesinda Esclarmunda_Esclarmunda Estefania_Stephania Eufèmia Eufrosina_Euphrosyne Eisabèu_Elisabeth Elena_Helen Elienòr_Eleanor
			Félésité_Felicia Filomène_Philomena Faidida Felipa_Philippa Flòra_Flora Francesa_Francesca
			Giabet_Elisabeth Gioulie_Juliana Gllôda_Claudia Garcenda Geneviva Gerbèrga_Gerberga Gersenda Gisla_Gisela Guigone Guilheumina
			Heloise_Eloise
			Ioulanda_Yolanda Isabèu_Elisabeth Isabèla_Elisabeth
			Joana_Joan Juliana_Juliana
			Lúcia_Lucia Laura_Laura Leóunora_Eleanor Loïsa_Louise Léonora_Eleanor
			Madelêna_Magdalena Marie_Maria Margot_Margaret Marguita_Margaret Mârte_Martha Mabila Madalena_Magdalena
			Margarida_Margaret Maria_Maria Marquisa Marta_Martha Mascaròsa_Mascarosa Matilda_Matilda Melisènda_Melisende
			Nica_Veronica Nora_Eleanor Nourine_Honorina
			Orèlie_Aurelia
			Patricia_Patricia Peironèla_Peronella Petronilha_Petronilla Puelle Poulonie_Apollonia
			Raisenda Ramonda Richènda_Ricarda Rosèla Rosa
			Serafine Selevie_Silvia Sança_Sancha Terèsa_Teresa
			Téofile_Theophile Togneta_Antonia Tiborg_Tiburge
			Vielgenie_Virginia Vitourine_Victoria Verounica Violent_Yolanda
			Zenoubie_Zenobia
		}
		from_dynasty_prefix = "de "
		grammar_transform = french

		pat_grf_name_chance = 30
		mat_grf_name_chance = 10
		father_name_chance = 25

		pat_grm_name_chance = 20
		mat_grm_name_chance = 40
		mother_name_chance = 5

		modifier = bretonnian_gisoren_culture_modifier
	}

	marcheur = {
		graphical_cultures = { bretonniangfx holygfx westerngfx }

		color = { 0.7 0.5 0.3 }

		male_names = {
			Adalbert_Albert Adalberto_Albert Adalhard Adémar Adhémar Adrian Adrien Afregar Aiden Aigulf Aimar Aimerico_Aymeric Aimerín_Aymeric Aimery_Aymeric Alain Alain_Alan Alan_Alan Alar_Alaric Alberico Aldebert_Albert Aldeberto_Albert Aldéric Alderico Alfonse_Alphonse Alfonso_Alphonse Alor Alphons_Alphonse Alphonse_Alphonse Àlvier_Oliver Alwen_Alwyn Amalrico_Amalric Amanieu Amatieu Amaurín_Amalric Amaury_Amalric Amédée Amedéz Ancel André_Andrew Andrés_Andrew Andrev_Andrew Anfóso Angelbert Angelberto Ansèumo Antoin_Antoninus Antoine_Antoninus Anton_Antoninus Aodred Archantael Arcambaldo_Archibald Archambaud_Archibald Archambaudo_Archibald Arnald_Arnold Arnaldo_Arnold Arnalto_Arnold Arnaud_Arnold Arnaud-Miró Arnaul_Arnold Arnault_Arnold Arnoul_Arnulf Arnul_Arnulf Artau Artaut_Artal Arzhel Arzhur_Arthur Aubrésio Aubry Audoïno Augusto_August Aymar Aymere
			Baldoen_Baldwin Baldoino_Baldwin Barnardo_Bernard Barral Bartelemo_Bartolomeus Barthélémi_Bartolomeus Bartolomeo_Bartolomeus Bartomieu_Bartolomeus Baudoino_Baldwin Baudouin_Baldwin Beltram Benabic Benesecto_Benedict Bennèt_Benedict Benoím_Benedict Benoît_Benedict Berardo_Bernard Beregnèlo_Berengar Berengard Berenger_Berengar Bérenger_Berengar Berenguié_Raymond-Berengar Berenguier Berenguier_Berengar Berenguier-Ramoun Berenguier-Renard Bernard_Bernard Bernard-Amard Bernard-Hugues Bernardo_Bernard Bernato_Bernard Bernez_Bernard Bertelis Bertraine_Bertrand Bertrand_Bertrand Bertrando_Bertrand Bertrano_Bertrand Blaez_Blaise Blasi_Blaise Bodognous Bohemond Borel Boremundo Borreil Boso_Boson Boson_Boson Bosone_Boson Bouchard Bougars Bran_Bran Brendan Brevalaer Briac_Brian Brigacos Bucardo Budoc
			Carles_Charles Carloman Carlos_Charles Centolho_Centule Centule_Centule Centulés_Centule Charles_Charles Chrodegang Clamenço_Clement Clotair Clotaire
			Dalmaut Dalmaut-Berenguier Dàvi_David Deniel_Daniel Deodato_Theodat Deodet_Theodat Derrien Devi_David Diomede Dodon Donan Doumegno Drogon_Drogo Duran
			Ebbon Eblo Ebono Edern_Edyrn Édouard_Edward Edouarzh_Edward Eduar_Edward Emmagnuèlo_Emmanuel Emmerin Engueraldo Enguerrand Enric_Henry Enrico_Henry Eon_John Eozen_Otto Erardo Ermengaudo Ermengoil Érrard Erwan_Yves Estève_Stephen Étienne_Stephen Etieno_Stephen Eudes_Otto Eudés_Otto Eudone_Otto Eustace_Eustace Eustache_Eustace Eustacio_Eustace Evaldo Everard Evrard Ewen
			Farulin Felip_Philip Felip-Dalmau Felix_Felix Ferragus Ferrand_Ferdinand Ferrando_Ferdinand Ferrier Florènço Folcaudo_Folke Folces_Folke Folques_Folke Foulques_Folke Fragan Francés_Francis Francès_Francis François_Francis Françosio_Francis Frañsez_Francis Fredèric_Frederick Frédéric_Frederick Frederico_Frederick
			Gael_Judikael Galcelin_Joscelin Galcier Gallmau Gargamel Gargamelo Garin Gaston Gastone_Gaston Gaucelin_Joscelin Gaucher Gaucio Gausbert Gausfred_Godfrey Gauthier_Walter Gautiero_Walter Gelduin Gennovevs Geoffroy_Godfrey Geofrio_Godfrey Geraldo_Gerald Geraldo_Gerard Geraud_Gerald Géraud_Gerald Géraud_Gerard Geribert Giacme_Jacob Giaume_Jacob Gilbert_Gilbert Gilberto_Gilbert Gilbèrto_Gilbert Gilio_Egidius Gilles_Egidius Gioano_John Giofrè_Godfrey Giordano_Jordan Giorge_George Giosselino_Joscelin Girardo_Gerard Girec Girvasio Giuliano_Julian Glen Godafreso_Godfrey Godefrio_Godfrey Godefroy_Godfrey Gombaud_Gundoald Gormou Govran Gralon Gregor_Gregory Guelduín Gui_Guy Guicardo Guichard Guido Guido_Guy Guifrè Guiges Guigés Guigno_Guy Guilabert_Gilbert Guilhem_William Guilhèrmo_William Guillaume_William Guillaumo_William Guillem_William Guillem-Galcier Guillem-Jordain Guillem-Ramoun Guillemo_William Guimarch Guiraudo_Gerald Guitard Guitarto_Gerard Guy_Guy Guyomarch Gwilherm_William
			Hamelin Hamelín Hamon Hélie Heliés Helori Henri_Henry Henrico_Henry Heranal Herbert Herberto Herri_Henry Hesdren Hildebert Hildeberto Hoël_Hugh Hrodbert Hugues_Hugh Hugués_Hugh Hugues-Jofré Huiarnviu_Harvey Humbert_Humbert Humberto_Humbert
			Ilan Ildut Iocilin_Joscelin Iusti Ives Ivo
			Jacen Jacques_Jacob Jafrez_Godfrey Jakez_Jacob Jalm Jaoua Jaqués_Jacob Jaspert Jasperto Jaufré_Godfrey Jaufrés_Godfrey Jaumes_Jacob Jean_John Jehan_John Jermen Jilberzh_Gilbert Joan_John Joan-Alfonse_John-Alphonse Joan-Geraud Jofrè_Godfrey Jord_Jordan Jordain_Jordan Jordan_Jordan Jos Josselin_Joscelin Jourdain_Jordan Judikael_Judikael Jules_Julian Julien_Julian
			Kado_Cadoc Kadvalaer Kaourantin Karadeg_Caradog Karlz_Charles Kavan Klaoda Konan_Conan Kongar Konwoion Koulizh
			Landuin Laorans_Laurence Laurènço_Laurence Leobas Léon Leon_Leo Léonard Leonardo Leri Liudver Loeiz_Louis Loïso_Louis Lop_Lupo Lopo_Lupo Lotaro Lothaire_Lothar Lothar Louen_Louis Louis_Louis Loup_Lupo Luis_Louis Lukaz_Lucas
			Maelog Maldred Mallobaude Manassès Marçau Marco_Marcus Marrec Martino_Martin Marzhin_Martin Matel_Matthew Mathieu_Matthew Matias_Matthew Matieu_Matthew Maurice Mauricio Mazhe_Matthew Meriadeg Merovech Michel_Michael Michelo_Michael Mihael_Michael Milo Mirot Morvan
			Neven Nicolas_Nicholas Nicolau_Nicholas Nikolaz_Nicholas Nunne_Nuno
			Odo Odone_Otto Oger Ogier Olibier Olier_Oliver Onfrés Onfroy Orderic Orson Orsón Ot_Otto Othon_Otto Otón_Otto Ottone_Otto
			Padrig_Patrick Paen_Pagan Pagain_Pagan Panteleon Paol_Paul Pau_Paul Payen_Pagan Pèire_Peter Pêr_Peter Peragnudeto Père_Peter Pere-Amat Philippe_Philip Philippo_Philip Pierre_Peter Piers Pirres_Peter Ponce_Pons Ponço_Pons
			Raignoldo_Reinhold Raimbaldo Raimbaut Raimon Raimone_Raymond Raimundo_Raymond Rainaldo_Reinhold Rainero Ramoun_Raymond Ramoun-Folche Raolfo_Ralph Raoul_Ralph Raul_Ralph Raymond_Raymond Raynaud_Reinhold Redemund Renaldo_Reinhold Renan Renard Renaud_Reinhold Revertier Riaged Riambaud Ricard_Richard Ricardo_Richard Richard_Richard Riok Riwall Robaldo Robert_Robert Roberto_Robert Robèrto_Robert Robin Robín Rodèric_Roderick Roger_Roger Rogerio_Roger Rogier_Roger Rogiero_Roger Roland Ronan Roparzh_Robert Rorgon Rorgón Rorgues Roubaud
			Samzun Sance_Sancho Sanço_Sancho Savar Savarico Savary Seog_George Sian_John Sigismond_Sigmund Sigismundo_Sigmund Simon_Simon Simoun_Simon Stefen_Stephen Suidbert Sunier Sunifred
			Tanet Tebald_Theobaud Tedbert Theudis Thibault_Theobald Thiébaut_Theobald Thierry_Thierry Thierulf Thomas_Thomas Tibaldo_Theobald Tibaudo_Theobald Tiebaldo_Theobald Tierio_Thierry Tièrro_Thierry Tomás_Thomas Toumas_Thomas Treveur Tristan Tudual_Tewdwr Turtoualdus
			Uberto_Humbert Uco_Hugh Udalard Ugo_Hugh Urvod
			Valeran Vesiano Vicenço_Vincent Vidaud Vinsant_Vincent Vormvini
			Waldon
			Yann_John Yonec Yves
			Zaviéro
		}
		female_names = {
			Adalaïda_Adelaide Adalmoda_Almodis Adalmode_Almodis Adèla_Adela Adelaida_Adelaide Adelaide_Adelaide Adèle_Adela Adelinda Adelinde Adeltrudis Agata_Agatha Agathe_Agatha Agnès_Agnes Alaïsa Alamande Alana Aldonce_Aldonza Aléarda Aléarde Algaburgue Alice_Alice Aliénor_Eleanor Alienòra_Eleanor Alis_Alice Alix_Alice Almodes_Almodis Almodis_Almodis Almòdisa_Almodis Alpaïs Amela_Amelia Amelie_Amelia Ana_Anna Andreva Angarin Anglesa Anna_Anna Anne_Anna Annick_Anna Antoinette Antoneta Aouregan Aourell Argantlon Armengild Arnaua Arsenda_Arsenda Arsende_Arsenda Arsinda_Arsenda Arsinde_Arsenda Arzhela Asceline Assalhida Auda Aude Augustine Aurembaix Aurengarda Aurengarde Aurore Ava Avenie Azaleïsa Azelma Azenor_Eleanor Aziliz_Cecilia
			Beatriça_Beatrice Béatrice_Beatrice Beatrix Beatrix_Beatrice Béatrix_Beatrice Beatriz_Beatrice Beladora Beleassez Beliarde Belleassez Benoita Benoîte Berched_Brigid Berengera Bérengère Berenguela Berenguere Berta Bertha_Bertha Berthe Berthildis_Bertha Blanca_Blanche Blanche_Blanche Blanque_Blanche Bleuzenn_Blodwen Bona_Bonne Bòna_Bonne Bonne_Bonne Borgoña Borguinã Bourgogne Bourguigne Brandimena Bregida_Brigid Brendana Brunisende Brunissenda
			Camila Carlota Carlòta Caterina_Catherine Caterine_Catherine Cathèrine_Catherine Cecila_Cecilia Cécile_Cecilia Cecilia_Cecilia Cecilie Charlotte Chrodegard Clara_Clara Clarmonda_Esclarmunda Clemence_Clementia Clemència_Clementia Cloutilda_Clotilde Constança_Constance Constance_Constance Constància_Constance
			Deneza_Denise Deniela Denisa Denise Dhuoda Dolça_Douce Douce_Douce Drilego Echive Eciva Ederna Egalantina Eglantine Eisabèu_Elisabeth Elara Eleanor_Eleanor Elen_Helen Elena_Elaine Elena_Helen Eleonora_Eleanor Éléonore_Eleanor Elesbed_Elisabeth Elienòra_Eleanor Elionor_Eleanor Elisa_Elisabeth Elisabèta_Elisabeth Elisabete_Elisabeth Elisabeth_Elisabeth Elisende Eliza_Elisabeth Eloda Élodie Emma_Emma Enora Enougen Ermenerde Ermengarda_Ermengarde Ermengarde_Ermengarde Ermessenda_Ermesinda Ermessende_Ermesinda Ermessinda_Ermesinda Ermessinde_Ermesinda Erwana_Yvonne Esclaramunde_Esclarmunda Esclarmonda_Esclarmunda Esclarmonde_Esclarmunda Esclarmunda_Esclarmunda Estefania_Stephania Estefanie_Stephania Estephania_Stephania Etienneta Étiennette Eudionde Eufèmia Eufrosina_Euphrosyne Euphrosina_Euphrosyne Euphrosine_Euphrosyne Eustachie Eustaquia Eva_Eva Eve_Eva
			Faidida Felipa_Philippa Fides Filomena Flor_Flora Flòra_Flora Francesa_Francesca Franseza Frenegrande
			Gaela Gaia Galcerande Garcenda Gausfredine Geneviva Gerberga_Gerberga Gerbèrga_Gerberga Gerberge_Gerberga Gersenda Gioana_Joan Gisela_Gisela Gisèle_Gisela Gisla_Gisela Giuliana_Juliana Gladez_Gwladys Gotrudes Guerauette Guigone Guilheumina Guillaumeta Guillaumette Guilleumine Guinilde Guisle_Gisela Gwenn_Gwen
			Hawiz_Hawise Heloisa_Eloise Heloise_Eloise Héloise_Eloise Helvis Helvisa Heodez Hodierna Hodierne Hoela Hrotswitha
			Ida_Ida Ide_Ida Ides_Ida Ildegarda_Hildegard Ildégarde_Hildegard Iolanda_Yolanda Ioulanda_Yolanda Isabeau_Elisabeth Isabel_Elisabeth Isabèl_Elisabeth Isabèla_Elisabeth Isabella_Elisabeth Isabelle_Elisabeth Isolde Izolde
			Jane_Joan Janed_Joan Jeanne_Joan Jenovefa Joane_Joan Judite_Judith Judith_Judith Julena_Juliana Julienne_Juliana Jusiane
			Karidwen Katell_Catherine Konstanza_Constance Kristen_Christina
			Laoransa Lara Laura_Laura Leóunora_Eleanor Letgarde Levenez Lisseut Loeiza_Louise Loïsa_Louise Lúcia Lúcia_Lucia Mabila Madalena_Magdalena Madenn Maela Mafalda Mahaut_Mahaut Maior Malfleur Malta Manon Marauta_Mahaut Marcharit_Margaret Margarida_Margaret Margaride_Margaret Margot Margota Marguerita_Margaret Marguerite_Margaret Mari_Maria Maria_Maria Marie_Maria Marquèse Marquisa Marta_Martha Marthe_Martha Marzhina Mascarosa_Mascarosa Mascaròsa_Mascarosa Mascarose_Mascarosa Mathilde_Matilda Matilda_Matilda Matilin_Magdalena Melisanda_Melisende Mélisande_Melisende Melisenda_Melisende Melisènda_Melisende Mélisende_Melisende Melusina Mélusine Mona Morganez_Morganna Morvana
			Nedeleg Nimugild Nolwenn Nonn
			Oanez_Agnes Òria
			Padriga_Patricia Patricia_Patricia Peironèla_Peronella Perina Perinne Perlesault Pernella_Peronella Pernelle_Peronella Perneta Pernette Peronela_Peronella Péronelle_Peronella Petronilha_Petronilla Plaisança_Plaisance Plaisance_Plaisance Prostlon Puella
			Raimonda Raisenda Ramona Ramonda Raymonde Repanse Rhadegund Ricarda_Ricarda Richènda_Ricarda Riquilde Rivanon_Rhiannon Ronana Rosa Rosèla Rozenn Rumengild
			Sança_Sancha Sance_Sancha Sarrazina Sarrazine Saura Seva Sibilla_Sibylla Sibille_Sibylla Sirisgard Solena Solène Sonengund Sophia_Sophia Sophie_Sophia Stéphanie_Stephania Sterenn Sulgwenn Sybille_Sibylla
			Tedvil Terèsa_Teresa Terese_Teresa Tiborga_Tiburge Tiburga_Tiburge Tiburge_Tiburge Timbor Toda_Toda Trifin Tristana
			Uriell Urraque_Urraca
			Valença_Yolanda Valence_Yolanda Valèncie Vermengard Verounica Violanda_Yolanda Violante_Yolanda
			Walswitha
			Ximena
			Yolande_Yolanda Youenna_Joan Ysabelle_Elisabeth
		}

		from_dynasty_prefix = "de "
		grammar_transform = french

		pat_grf_name_chance = 30
		mat_grf_name_chance = 10
		father_name_chance = 25

		pat_grm_name_chance = 20
		mat_grm_name_chance = 40
		mother_name_chance = 5

		modifier = bretonnian_marcheur_culture_modifier
	}

	mousillonian = {
		graphical_cultures = { bretonniangfx englishgfx holygfx westerngfx }

		color = { 0.7 0.6 0.2 }

		male_names = {
			Acfred Adalberon Adalhard Ado Aeblus Afregar Agilbert Agobard Aiden Aigulf Alan_Alan Alar_Alaric Alberik Alor Alwen_Alwyn Andrev_Andrew Ansbert Anselm Antenor Anton_Antoninus Aodred Arbogast Archantael Arnald_Arnold Arnulf Artald Arzhel Arzhur_Arthur Ascarich Audoin Audomar Austregisil
			Baderic Baldoen_Baldwin Baldric Baldwin Bauto Beltram Benabic Bernard Bernez_Bernard Berno Bertachar Bertelis Bivin Blaez_Blaise Bobbo Bodognous Boggis Boso Bougars Bran_Bran Brendan Brevalaer Briac_Brian Brigacos Budoc Burgundofaro
			Cancor Carl Carloman Chagnoald Chagnoric Chararic Childebert Childebrand Childeric Chloderic Chlodomer Chlodovech Chlothar Chram Chrodegang Clodio Clodoald Conrad Cunibert Dagobert Dalmas Deniel_Daniel Deodat Derrien Devi_David Dietrich Diomede Donan Drogo Drogon_Drogo
			Ebbo Ebroin Edern_Edyrn Edouarzh_Edward Einhard Emebert Emmerin Eon_John Eozen_Otto Erchinoald Erwan_Yves Eustace_Eustace Eustache_Eustace Everard Ewen
			Faramund Farulin Felix_Felix Ferragus Flaochad Fragan Frañsez_Francis Freculf Fredegund Frederic Fulk
			Gael_Judikael Gall Gallmau Garin Gaston Gaucelm Gausbert Gauzfrid Gennovevs Genobaud Gerard Gilbert Gildard Girec Gistemar Glen Gondulf Gormou Gotfrid Govran Gralon Gregor_Gregory Guido Guimarch Gundoald Gunzo Guyomarch Gwilherm_William
			Haimon Hamon Hector Helori Heranal Herri_Henry Hesdren Hilduin Himelin Hincmar Hoël_Hugh Hrodbert Hugo Hugobert Huiarnviu_Harvey Hunold
			Ilan Ildut Iocilin_Joscelin Isembart Iusti
			Jacen Jafrez_Godfrey Jakez_Jacob Jalm Jaoua Jehan_John Jermen Jilberzh_Gilbert Jord_Jordan Jos Judikael_Judikael
			Kado_Cadoc Kadvalaer Kaourantin Karadeg_Caradog Karlz_Charles Kavan Klaoda Konan_Conan Kongar Konwoion Koulizh
			Lambert Landuin Lantfrid Laorans_Laurence Latro Leobas Leodegar Leri Leudebaud Leudebold Liudhard Liudver Liutbert Liutward Loeiz_Louis Lothar Louen_Louis Louis_Louis Ludger Lukaz_Lucas Lull
			Maelog Maldred Mallobaude Mallobaudes Marcomer Marrec Marzhin_Martin Matfrid Mazhe_Matthew Medard Meriadeg Merogais Merovech Mihael_Michael Miro Modoald Moduin Morvan Mummolin Munderic
			Nebiogastes Neven Nikolaz_Nicholas Nordebert Nordegund
			Odgar Odo Olier_Oliver Orderic
			Padrig_Patrick Panteleon Paol_Paul Pepin Pêr_Peter Philibert Piers
			Ragambald Ragenfrid Ragnachar Rampon Ranulf Ratbert Redemund Renan Rhaban Riaged Ricchar Richomer Rieul Rignomer Rigobert Riok Riwall Robert Roland Ronan Roparzh_Robert Rorgon
			Samo Samzun Seog_George Sian_John Siegfried Sigobert Stefen_Stephen Suidbert Sunno Sunyer
			Tanet Tedbert Thegan Theobald Theodard Theoderic Theudebald Theudebert Theudemer Theuderic Theudis Thierulf Treveur Tristan Tudual_Tewdwr Turtoualdus
			Urvod
			Vedast Vinsant_Vincent Vormvini
			Waifer Wala Walafrid Walchun Waldebert Waldon Wigeric Willibrord Wulfram
			Yann_John Yonec
		}
		female_names = {
			Adela_Adela Adelaide Adelice Adelise Adelyn Adile Agnez_Agnes Aimie Airelle Alana Alcidie Aldegonde Alexandre Alexanne Alexe Aliette Alis_Alice Alisse_Alice Alix-Anne Allyriane Alpaida Amaelle Amalberga Amaranthe Ambroisine Amethyste Ananbele Anastase Andree-Anne Andree-Marie Andreline Andreva Angelie Anna_Anna Anne-Aurelie Anne-Fleur Anne-Laurie Anne-Perrine Anne-Solenne Annick Annick_Anna Aouregan Aourell Arabelle Aregund Argantlon Argentael Armeline Armengild Armentine Arnaudine Arzhela Asceline Aude-Marie Audofleda Audovera Augustine Aurelle Aurore Aveline Avenie Avite Azelie Azenor Azenor_Eleanor Aziliz_Cecilia
			Balbine Basina Béatrice Begga Beladora Beline Belle Berched_Brigid Bernadette Bernadette-Marie Bertha_Bertha Berthildis_Bertha Bertrada Beuve Bilichild Bleuette Bleuzenn_Blodwen Brendana Brunhilda
			Camille Camille-Marie Carenne Cassiopée Causette Cecile-Marie Ceres Cesarie Chanel Chantal Chantal-Marie Charlotte Charlotte-Marie Chrodegard Cindelle Claire Claire-Anais Claire-Sophie Cloee
			Damase Danaee Delfine Delle Deneza Deneza_Denise Deniela Deuteria Dhuoda Diane Diane-Laure Dominiquette Dorise Dosithee Drilego Ederna Effi Eglee Elanie Elara Eleanor_Eleanor Elen_Helen Elena Elena_Elaine Elesbed_Elisabeth Elianne Elise-Marie Eliza Eliza_Elisabeth Elodie-Marie Emma Emmelie Engelberga Enora Enougen Epiphanie Ermengard Ermentrude Erwana_Yvonne Estée Evette
			Fabiene Fauste Felixe Filippa Filomene Fleure Floralie Florie-Anne Florissa Franseza Fredegund Frenegrande Frumence
			Gabie Gaela Galadriel Garence Gemme Genereuse Genevieve Genevieve-Marie Gertrude Gillianne Gisela Gladez Gladez_Gwladys Godelive Gudula Guilla Gundelina Guntheuc Gwanaelle Gwen_Gwen Gwenn_Gwen Gyslene
			Hannelore Hawiz Hawiz_Hawise Hegesippe Helene-Marie Heloise_Eloise Heodez Herminie Hersilie Hervine Hildegard Himiltrude Hoela Hrotswitha Hyancinthe
			Idalie Idora Ilisabete Ina Inesse Inhund Iolande Irmina Isabele Isabelle-Marie Isolde Itta Ivette Izolde
			Jacquie Jacquine Jaelle Janed Janed_Joan Janinne Jenovefa Jolene Jordanne Jozette Junie Juste
			Kaline Kamille Karel Karidwen Katell Katell_Catherine Kathiana Kazmira Klaoda_Claudia Konstanza_Constance Koralie Kristen_Christina Kyliane
			Laena Lamberte Laoransa Lara Laura-Amelie Laura-Anais Laura-Line Laurdine Laurry Lazare Léandre Leocadie Leoda Leonette Levenez Lieslotte Lili-Marie Lili-Rose Lillian Line-Rose Linette Lisseut Lizon Loeiza_Louise Loraine Louella Ludovie Luitgard
			Madalen Madelaine Madenn Maela Maigane Malfleur Mame-Diarra Manon Marcharit_Margaret Mari_Maria Mariane Marie_Maria Marie-Adele Marie-Augusta Marie-Celestine Marie-Charlene Marie-Fleur Marie-Joele Marie-Leontine Marie-Rosalie Marie-Severine Marzhina Mathide Mathilde_Matilda Matilin_Magdalena Maxellende Maxence Medaline Mignonne Minette Mirabelle Mirelle Modeste Mona Monegundis Montserrat Morgana_Morganna Morganez_Morganna Morvana
			Nanthild Natalie Nataline Nedeleg Nestorine Nicephore Nieves Nimugild Ninnog Noee Noellie Nolene Nolwenn Nolwenne Nonciade Nonn
			Oanez Oanez_Agnes Obeline Oculie Odile Ofelie Olivine Olympie Onesiphore Orancie Orasie Orthense Oscarine Ovida
			Pacifique Padriga_Patricia Pamphilia Pascalie Pauline-Marie Perlesault Peronne Phanette Pharaildis Philogene Pierette Placidie Plectrude Pomeline Pomme Praxede Pricille Prisque Prospere Prosperine Prostlon Pulcherie Querin
			Raymone Regintrud Reine-Claude Reine-Marie Reinelde Reineldis Reinette Renee-Claire Renee-Claude Renelise Repanse Rhadegund Richardis Richilde Rivanon_Rhiannon Rochelle Romaine Ronana Rosalinde Rosane Rose-Aimee Roselle Rosemarie Rosemee Rotrude Rozenn Rumengild Ruohaid
			Sabeline Sadalberga Salomee Sana Sandes Santine Scarlette Sebastienne Seraphie Seraphine Seravaise Seva Sibile Sichilde Silie Silvanie Silvere Sirisgard Sonengund Sophie-Anne Sophie-Marie Sosthene Stelle Sterenn Sulgwenn Surelie Swanachild Syrine
			Tedvil Teutberga Thaise Theodosie Theodrada Theotiste Therese-Marie Thereze_Teresa Thien Thumette Toussainte Trifin Tristana Tristane
			Uguette Ultrogotha Urbaine Uriell Ursuline
			Valence Valerie Valerie-Anne Valerine Valiamee Veleda Venance Venerande Verena_Verena Vermengard Veronique Veronique-Marie Victoriane_Victoria Victorienne_Victoria Vincence Violene_Yolanda Violette Vivette Vivienne
			Waldrada Walswitha Wieme Wilfride Williane Wissale
			Xaverine Xaviera
			Yaele Yannique Yolene Yolette Youenna_Joan Ysabelle_Elisabeth Yvonne_Yvonne Yvonnette_Yvonne
			Zelinda Zeline Zenobie Zephirine Zoee Zofia Zophie
		}


		from_dynasty_prefix = "de "

		modifier = bretonnian_mousillonian_culture_modifier

		pat_grf_name_chance = 80
		mat_grf_name_chance = 0
		father_name_chance = 0

		pat_grm_name_chance = 10
		mat_grm_name_chance = 50
		mother_name_chance = 0
	}

	nortagnese = {
		graphical_cultures = { bretonniangfx holygfx westerngfx }
		#These guys are the "Normans" IIRC

		color = { 0.8 0.1 0.2 }

		male_names = {
			Aalart_Adalhard Abelard_Adalhard Acciard Adam_Adam Aimery_Aymeric Aldis Alexandre_Alexander Alfonce_Alphonse Anfroi_Ansfried Anquetil_Askell Ansell	Anselme_Anselm Ansgot_Ansgar Ardolf_Adolf Aristolf_Aristolf Armand_Herman Arnaud_Arnold Arnulf_Arnulf Ascelyn_Anselm Asclettin Aubert_Albert Aubrey_Alberich Audri_Adalwin Aurri Azémar_Adhemar
			Bardolf_Barde Barrett_Berthold Basuin Baudwin_Baldwin Beringer_Berengar Bernard_Bernard Bertran_Bertram Beuves Blayves_Blaise Bohemond Boson_Boson Botolfe
			Clarembaut Clémence_Clement Conrad_Konrad Conradin_Konrad Curteis
			Dagobert_Dag Digory Drew_Drogo
			Edon_Eden Edward_Edward Elia_Elijah Emery_Amalric Emery_Aymeric Engenolf Engeram_Enguerrand Ernaut_Arnold Erran Eude_Otto
			Eustace_Eustace Euvrouin Evrart_Eberhard Farrimond Ferrand_Ferdinand Fouque_Folke Fraunk_Francis Frery_Frederick Frumentin Fulbert_Filbert Féderyc_Frederick
			Gaiallard_Galasso Galien_Galindo Gaufroi_Godfrey Geoffroi_Godfrey Gerbaud_Gerbald Gervas Geubert_Gerbert Giraud_Gerald Godebert_Godbert Godefroi_Godfrey Goscelin_Joscelin Goubert_Godbert Guibert_Gilbert Guillaume_William Guiraud_Gerald Guntard_Günther Guérart_Gerard Gyffard_Gebhard Gyrard_Gerard
			Hamlyn_Hamelin Hammond_Hamelin Hanry_Henry Harman_Herman Hendry_Henry Herbert_Herbert Herfast Herlwin_Herluin Herment_Herman Hernays_Ernest Hervy_Harvey Heudebrand_Hildebrand Heymeri_Aymeric Heymon_Aymon Hobard_Hubert Holger_Holger Honfroi_Humphrey Houdoin Howard_Howard Hue_Hugh Hugubert_Hubert Hugues_Hugh Humbert_Humbert Ilbert Ivo_Yves
			Jean_John Jonathan Jop_Joseph Joscelyn_Joscelin Jourdain_Jordan Karles_Charles
			Lambard_Lambert Lancelyn_Lancelot Launcelot_Lancelot Lewis_Louis Ligier Lovell Loys_Louis
			Mainard_Meinhard Mainfroi_Manfred Maugre_Mauger Myles_Milosz
			Nicolas_Nicholas Nigel_Nigel
			Normand
			Oddo_Otto Odinel_Otto Oggery_Holger Orderic Osbern_Asbjörn Osmond_Osmund Oswulf_Osulf Oswyn Oudin_Otto
			Percyvell_Percival Philip_Philip Piers_Peter
			Raimbaud Raimond_Raymond Rainard_Reinhard Randoul_Randulf Rannulf_Randulf Ranulf_Randulf Raulf_Ralph Raulyn_Ralph Reynaud_Reinhold Reyner_Rayner Reynfrey Ricard_Richard Robard_Robert Rogier_Roger Rolfe_Rolf Rolland_Roland Rollo_Rolf Roscelin Rouland_Roland Roussel
			Saer_Sayer Sagard_Sayer Serlo_Serlo Serrell_Serlo Sewell Simon_Simon Stefen_Stephen Sylvester_Silvester
			Talebot Thancred Thierry_Thierry Thim_Timotheos Thomas_Thomas Torf_Torfi Turold_Thorvald Turquetil_Torkel Turstin_Torsten Tybaut_Theobald Vauquelin_Walker
			Wariner_Werner Warren_Werner Wauter_Walter Waïfre_Waifar Williame_William Wiscard Wy_Guy Wyat_Guy Wymer_Wemund Wymond_Wemund
			Ysembert_Isembard
		}
		female_names = {
			Ada_Adela Adaleide_Adelaide Adela_Adela Adelin_Adela Adelysia_Adela Agata_Agatha Agnes_Agnes Alienora_Eleanor Altrude Alyna Alys_Alice Alysone_Alice Amburga Anna_Anna Asceline Aubinia_Albina Aubreda_Aubrey Aubrey_Aubrey Auelyna_Avelina Auicia_Avelina
			Beatrice_Beatrice Berengière_Berengaria Bertha_Berta Busilla_Felicia
			Cecilia_Cecilia Claremonde_Esclarmunda Clemenza_Clementia Constance_Constance Cristiana_Christina Cundo
			Egelina_Egelina Elise_Elisabeth	Elyenora_Eleanor Elysant_Elysande Ema_Emma Emmony Emylyna_Amelia Eremberga Eremburga Eria_Erica Ermyntrude Eudokia_Eudocia Eva-Anna_Eve Eve_Eve
			Felicia_Felicia Flandina Fredesende_Fressende Fressenda_Fressende Fressende_Fressende
			Galienne Gersent_Gersenda Geua Gimarca Gisella_Gisela Godehilde_Godhild Gohilde_Godhild Griseldis Gundred Gunnora
			Hawyse_Hawise Hedwige_Hedwig Hegelina_Egelina Helewyse_Eloise Helyssent_Elysande Heria Herleva_Herleva Herleve_Herleva Hermessent_Ermesinda Hermineite Hugolinae_Hugolina Huguete_Hugolina Husewyf
			Ida_Ida
			Judit_Judith
			Lesceline Lithuaise
			Mabel_Mabel Maghenyld Margaret_Margaret Marie_Maria Matheode Maud_Matilda Mautild_Matilda Maysant_Maysoon Medania Metylda_Matilda Muriella Mylisant_Maysoon
			Olympias_Olympia Oriolda
			Pontia
			Richenda_Ricarda Rikmai Rocca_Ricard Rohese_Rohese Rosaline_Rose Rossamond Royce_Rohese Rykeld
			Seloua Sibyl_Sibylla Sibylla_Sibylla Stephanie_Stephania Swetyene
			Umfreda
			Valdrade
			Wevia_Wive Wilmot_Wilhelmine Wyf_Wive
			Yda_Ida Yolanda_Yolanda Yvette_Yvonne
		}
		from_dynasty_prefix = "de "
		grammar_transform = french

		pat_grf_name_chance = 30
		mat_grf_name_chance = 10
		father_name_chance = 25

		pat_grm_name_chance = 20
		mat_grm_name_chance = 40
		mother_name_chance = 5

		modifier = bretonnian_nortagnese_culture_modifier
	}

	old_breton = {
		graphical_cultures = { bretonniangfx germangfx westerngfx }

		color = { 0.2 0.3 0.3 }

		male_names = {
			Abrahil Abram Adalbald Adalbert Adalgari Adalgrim Aegidius Ageric Agilbert Agilgar Agiulf Ailbert Albric Aldedramn Andica Ansovald Arcambald Aregisel Arnegisel Ascaric Audovald Austregisel Autbert Autgari Autgeri Avremar
			Badegisel Balduin Barnard Berald Beren Bernard Berneri Bero Berold Berthefried Bertlin Bertram Bertramn Bertrand Bertrann Burchard
			Carelond Carloman Carolus Ceslin Chararic Charibert Childebert Childeric Chilperic Chlodomer Chramnesind Clodio Clodion Clovis Corduin Creat
			Dagaric Dagobert Drogo
			Eberulf Ebregisel Elect Electe Engilbert Euric Everard Evrard
			Faroard Faroin Feremund Feroard Folgar Foroen Fredemund Frobert Frotari Frothard Frothari Frotlaic Fulcari Fulcrad
			Galteri Gararic Garivald Gaucelm Gaudulf Gaujoin Gausbert Gausbold Gautmar Gauzbert Gedalbert Gedalca Genobaud Gerbert Gerhard Gerold Gilles Gislari Gislevert Gocelm Godalbert Godomar Gozhelm Grimald Grimoald Guadulf Gualtari Gualter Guillabert Guitard Gundobad Gunthar Guntram
			Haldemar Hartmut Hildebald Hildebold Hildegaud Hildevold Hildoin Hucbert Hugbert
			Imnachar Ingalbert Ingomer
			Lambard Landuin Lantbert Leudast Lothar
			Magnachar Magneric Mainard Mallobaudes Marachar Marcomer Marcus Marell Martin Martrud Maurifi Meginhard Merogais Merovech Munderic
			Odelric Odolric Otbert Otgeri Otker
			Pepin Pharamond Pippin
			Radulf Ragambald Ragena Ragenard Raginari Ragnachar Ragnald Ragno Raimbold Rainald Ramnulf Rathar Raynold Reginari Ricchar Rignomer Rotbert Ruotbert
			Segoin Seguin Sicbald Sichar Sicland Sicleard Siclevold Sigebald Sigebert Sigeric Sigismund Sigobert Sinop Sunnegisil Sunno
			Tancrad Tancred Tassilo Teoderic Teotbert Tetbert Teutbald Teutbert Theoderic Theoric Theudebald Theudemeres Theuderic Theudoald Theutbald Thierulf Trutgaud
			Vuitard Vulfari Vulframn Vulvari
			Waltgaud Werinbert Wilbert Willichar Wolfari
		}
		female_names = {
			Adalgardis Adallinda Adaltrude Adaluildis Adelaidis Airsenda Albofleda Albrada Alda Aliberta Alitrudis Ansegudis Ansegundis Arsindis Audofleda Audovera Austrechild
			Beretrude Bernegildis Bertenildis Berthefled Berthefried Berthegund Berthildis Bertrada Bladovildis Brunhild
			Celsa Celsovildis Chlodosind Chlothsinda Clotild Creada
			Dagena
			Eldesendis Ermengardis Ermengildis Ermensindis
			Faileuba Faregildis Fastrada Framberta Fredegunde Frolaica Frotberga Frotlildis Frotlina
			Galswinth Gaudildis Gautlindis Gersvinda Gisela Goiswinth Gotberga Gundrada
			Halderudis Harildis Hildegarde Hildegardis Hildesendis Hiltrude
			Illegardis Ingitrude Ingohildis Ingunde
			Landina Lanthechilde Lantsida Leubast Leubovera Leutberga Leutgardis Liutgarde
			Madelgarde Magnatrude Marcatrude Marcovefa Martinga Morberga Morgana
			Radegund Rigunth Rosamund Rothaide Rotrude Ruothilde
			Siclehildis Sigalsis
			Theodelinda Theoderada
			Ultrogotha
			Vuldretrada
		}

		pat_grf_name_chance = 80
		mat_grf_name_chance = 0
		father_name_chance = 0

		pat_grm_name_chance = 10
		mat_grm_name_chance = 50
		mother_name_chance = 0

		modifier = bretonnian_culture_modifier
	}

	blooddragons_culture = {
		graphical_cultures = { blooddragonsgfx holygfx westerngfx }
		#Brittany

		color = { 0.3 0.7 0.7 }

		male_names = {
			Aalart_Adalhard Abelard_Adalhard Abrahil Abram Acciard Acfred Acfred_Alfred Achille Adalbald Adalberon Adalbert Adalbert_Albert Adalberto_Albert Adalgari Adalgrim Adalhard Adam_Adam Adémar Adhémar Ado Adrian Adrien Aeblus Aegidius Afregar Ageric Agilbert Agilgar Agiulf Agobard Aiden Aigulf Ailbert Aimar Aimeric_Aymeric Aimerico_Aymeric Aimerín_Aymeric Aimery_Aymeric Alain Alain_Alan Alan Alan_Alan Alar_Alaric Alberic Alberic_Alberic Alberico Alberik Albert Albert_Albert Albèrt_Albert Albret_Albert Albric Aldebert_Albert Aldeberto_Albert Aldedramn Aldéric Alderico Aldis Alex Alexandre Alexandre_Alexander Alexis Alfonce_Alphonse Alfons_Alphonse Alfonse_Alphonse Alfonso_Alphonse Alias_Helias Allen_Alan Alor Alphons_Alphonse Alphonse_Alphonse Àlvier_Oliver Alvin Alwen Alwen_Alwyn Alwena Amalric_Amalric Amalrico_Amalric Amaneus Amanieu Amara Amatieu Amaurín_Amalric Amaury_Amalric Ambrouse Amèdê_Amadeus Amédée Amedéz Ancel Ancelmes Andica André_Andrew Andrés_Andrew Andrev_Andrew Andy Anfós Anfòs_Alphonse Anfóso Anfroi_Ansfried Angelbert Angelberto Anquetil_Askell Ansbert Ansell Anselm Anselme_Anselm Ansèume Ansèumo Ansgot_Ansgar Ansovald Antenor Anthony Antoin_Antoninus Antoine Antoine_Antoninus Anton Anton_Antoninus Antonin Antouèno_Antoninus Antoune Aodred Arbogast Arcambald Arcambaldo_Archibald Archambaud_Archibald Archambaudo_Archibald Archambault_Archibald Archambaut_Archibald Archantael Ardolf_Adolf Aregisel Aristolf_Aristolf Armand_Herman Arnald_Arnold Arnaldo_Arnold Arnalto_Arnold Arnaud Arnaud_Arnold Arnaud-Miró Arnauf_Arnulf Arnaul_Arnold Arnault_Arnold Arnaut_Arnold Arnegisel Arno Arnoud_Arnold Arnoul_Arnulf Arnul_Arnulf Arnulf Arnulf_Arnulf Artald Artau Artau_Artal Artaut_Artal Arthur Artur Arzhael Arzhel Arzhur_Arthur Ascaric Ascarich Ascelyn_Anselm Asclettin Aton Aubert_Albert Aubrésio Aubrey_Alberich Aubry Audoin Audoïn Audoïno Audomar Audovald Audri_Adalwin Augusto_August Aurri Austregisel Austregisil Autbert Autgari Autgeri Avremar Axel Aymar Aymar_Aymeric Aymer Aymere Aymeric Aymeric_Aymeric Aymon_Aymon Azémar_Adhemar Aznar_Aznar Badegisel Baderic Baldèric Baldoen_Baldwin Baldoino_Baldwin Baldric Balduin Baldwin Ballaume Bardolf_Barde Barend Barnard Barnard_Bernard Barnardo_Bernard Barnerd_Bernard Barral Barrett_Berthold Bartelemo_Bartolomeus Barthélémi_Bartolomeus Bartolomeo_Bartolomeus Bartolomeus_Bartolomeus Bartomieu_Bartolomeus Bartoumiéu_Bartolomeus Basuin Baudoin_Baldwin Baudoïn_Baldwin Baudoino_Baldwin Baudouin_Baldwin Baudwin_Baldwin Bauto Bavo Beltram Benabic Bence Benesecto_Benedict Beneset_Benedict Benêt_Benedict Benjamin Bennèt_Benedict Benoím_Benedict Benoît Benoît_Benedict Berald Berard_Bernard Bérard_Bernard Berardo_Bernard Beregnèlo_Berengar Beren Berengard Berenger_Berengar Bérenger_Berengar Berenguié_Berengar Berenguié_Raymond-Berengar Berenguier Berenguier_Berengar Berenguier-Ramoun Berenguier-Renard Beringer_Berengar Bermond_Vermudo Bernard Bernard_Bernard Bèrnârd_Bernard Bernard-Amard Bernard-Hugues Bèrnârden_Bernard Bernardo_Bernard Bernat_Bernard Bernat-Aton Bernat-Ezi Bernato_Bernard Berneri Bernez Bernez_Bernard Berno Bero Berold Bertachar Bertelis Berthefried Bertlin Bertolomi_Bartolomeus Bertoud Bertraine_Bertrand Bertram Bertramn Bertran_Bertram Bertran_Bertrand Bertrand Bertrand_Bertrand Bertrando_Bertrand Bertrann Bertrano_Bertrand Beuves Bivin Blaez_Blaise Blasi_Blaise Blayves_Blaise Blése_Blaise Bobbo Bodognous Boggis Bohemond Boniface_Bonifacius Borel Boremundo Borreil Boso Boso_Boson Boson_Boson Bosone_Boson Botolfe Bouchard Boudouin_Baldwin Bougars Bran_Bran Brandon Brendan Brevalaer Briac_Brian Brient Brigacos Bucardo Budic Budoc Burchard Burgundofaro Cancor Carel_Charles Carelond Carl Carles_Charles Carloman Carlos_Charles Carolus Cassyron Cédric Cèlesten_Celestine Centolh_Centule Centolho_Centule Centule_Centule Centulés_Centule Ceslin Chagnoald Chagnoric Chararic Charibert Charlen Charles_Charles Chiâfen_Serapion Chianden_Alexander Chiegiae_Kaisarios Chievien_Silvanus Childebert Childebrand Childeric Chilperic Chloderic Chlodomer Chlodovech Chlothar Chram Chramnesind Christian Chrodegang Claès_Nicholas Claeuert Clamenç_Clement Clamenço_Clement Clarembaut Clémence_Clement Clement Cllèment_Clement Clodio Clodion Clodoald Clotair Clotaire Clovis Conrad Conrad_Konrad Conradin_Konrad Corduin Corentin Counrad_Konrad Creat Cretoublo_Christopher Cunibert Curteis Cyril Dagaric Dagobert Dagobert_Dag Dalmas Dalmaut Dalmaut-Berenguier Dames Damien Daniel_Daniel Dat_Theodat Dàvi_David David Deni_Dionysus Deniel_Daniel Deodat Deodat_Theodat Deodato_Theodat Deodet_Theodat Derrien Devi_David Devit_David Diederic_Thierry Dietrich Digory Diomede Dirc_Thierry Dodon Dolfe_Adolf Domenico_Dominic Donan Donis_Adonis Donoal_Donald Dorian Douès Doumegno Doumenge Drew_Drogo Drogo Drogon_Drogo Duran Dylan Ebbo Ebbon Eberulf Ebles Ebles_Otto Eblo Ebono Ebregisel Ebroin Ecbert Echiéno_Stephen Edern Edern_Edyrn Edon_Eden Èdouad_Edward Édouard_Edward Edouarzh Edouarzh_Edward Eduar_Edward Eduard_Edward Edward_Edward Egmund Einhard Elect Electe Elia_Elijah Eliot Elouè_Eligius Èmanuèl_Manuel Emebert Emery_Amalric Emery_Aymeric Emile Emmagnuèlo_Emmanuel Emmanuèl Emmanuèl_Manuel Emmerin Emmo Eneour Engenolf Engeram_Enguerrand Engeubret Engilbert Engueraldo Enguerrand Enisan Enric_Henry Enrico_Henry Eon Eon_John Eozen_Otto Erardo Erchinoald Erispoe Ermengau Ermengaud Ermengaudo Ermengoil Ernaut_Arnold Erran Érrard Erwan Erwan_Yves Estève_Stephen Estrebert Étienne_Stephen Etieno_Stephen Eude_Otto Eudes_Otto Eudés_Otto Eudon_Otto Eudone_Otto Euric Eustace_Eustace Eustache_Eustace Eustacio_Eustace Euvrouin Evaldo Everard Evrard Evrart_Eberhard Ewen Ezèbe_Eusebius Faramund Faroard Faroin Farrimond Farulin Féderyc_Frederick Fejanse_Fulgence Felepo_Philip Fèli_Felix Felip_Philip Felip-Dalmau Felix_Felix Fèlix_Felix Feremund Feroard Ferragus Ferrand_Ferdinand Ferrando_Ferdinand Ferrier Fiermen_Firmin Filibèrt Filip_Philip Flaochad Flavien_Flavius Floanten_Florent Florènç Florènço Florian Floris Folcard Folcaud_Folke Folcaudo_Folke Folces_Folke Folgar Folques_Folke Folquet_Folke Fontchie_Alphonse Foroen Foubert Foulques_Folke Fouque_Folke Fragan Francés_Francis Francès_Francis Francois François_Francis Françosio_Francis Françouès_Francis Fränk Frans_Francis Fransez_Francis Frañsez_Francis Fraunk_Francis Freculf Fredegund Fredemund Frederi_Frederick Frederic Frederic_Frederick Fredèric_Frederick Frédéric_Frederick Frederico_Frederick Frery_Frederick Frobert Frotari Frothard Frothari Frotlaic Frumentin Fulbert_Filbert Fulcari Fulcrad Fulk Gael_Judikael Gaëtan Gaiallard_Galasso Galcelin_Joscelin Galcier Galien_Galindo Gall Gallmau Galteri Gararic Garcia_Garcia Gargamel Gargamelo Garin Garivald Gaspar_Gaspar Gaston Gaston_Gaston Gastone_Gaston Gaucelin_Joscelin Gaucelm Gaucher Gaucio Gaudulf Gaufroi_Godfrey Gaujoin Gausbert Gausbert_Gausbert Gausbold Gausfred_Godfrey Gauthier Gauthier_Walter Gautier_Walter Gautiero_Walter Gautmar Gauzbert Gauzfrid Gedalbert Gedalca Gelduin Gennovevs Genobaud Geoffrey Geoffroi_Godfrey Geoffroy_Godfrey Geofrio_Godfrey Geraldo_Gerald Geraldo_Gerard Gerard Gerard_Gerard Geraud_Gerald Géraud_Gerald Géraud_Gerard Gerbaud_Gerbald Gerbert Gerhard Geribert Gerold Geroud Gerouf Gervas Geubert_Gerbert Giacme_Jacob Giamen_Benjamin Gian_John Giaquen_Joachim Giaume_Jacob Gièpen_Joseph Giillo_Virgil Gilbert Gilbert_Gilbert Gilbèrt_Gilbert Gilberto_Gilbert Gilbèrto_Gilbert Gildard Gilio_Egidius Gilles Gilles_Egidius Gioano_John Giofrè_Godfrey Giogiè_Claudius Giordano_Jordan Giorge_George Giosselino_Joscelin Gioulien_Julian Girard_Gerard Girardo_Gerard Giraud_Gerald Girec Girvais Girvasio Gisbret Giselbert_Gilbert Gislari Gislevert Gistemar Giuliano_Julian Glen Gocelm Godafres_Godfrey Godafreso_Godfrey Godalbert Godebert_Godbert Godefrio_Godfrey Godefroi_Godfrey Godefroy_Godfrey Godfrey Godofrid_Godfrey Godomar Gombaud_Gundoald Gondulf Gormou Gosalc Goscelin_Joscelin Gotfrid Goubert_Godbert Gourmaelon Goustino_Augustus Govran Gozeouin Gozhelm Gralon Grégoire Gregor_Gregory Grégory Grimald Grimoald Guadulf Gualtari Gualter Guelduín Guérart_Gerard Gueuste_Augustus Gui_Guy Guibert_Gilbert Guicardo Guichard Guide_Gwijde Guido Guido_Guy Guifrè Guiges Guigés Guigno_Guy Guigues_Guy Guilabert_Gilbert Guilhem_William Guilhèm_William Guilhèrmo_William Guillabert Guillaume_William Guillaumo_William Guillem_William Guillem-Galcier Guillem-Jordain Guillem-Ramoun Guillemo_William Guimarch Guiraud_Gerald Guiraudo_Gerald Guitard Guitart_Gerard Guitarto_Gerard Gundoald Gundobad Guntard_Günther Gunthar Guntram Gunzo Gurwant Guy_Guy Guyomarch Gweltaz Gwenole Gwereg Gwilherm_William Gyffard_Gebhard Gyrard_Gerard Haimon Haldemar Hamelin Hamelín Hamlyn_Hamelin Hammond_Hamelin Hamon Hanry_Henry Harman_Herman Hartmut Hector Hélie Heliés Helori Hendric_Henry Hendry_Henry Henri Henri_Henry Henrico_Henry Heranal Herbert Herbert_Herbert Herberto Herfast Herlwin_Herluin Herman_Herman Herment_Herman Hernays_Ernest Herri_Henry Hervy_Harvey Hesdren Heudebrand_Hildebrand Heymeri_Aymeric Heymon_Aymon Hiacinte_Hyacinth Hildebald Hildebert Hildeberto Hildebold Hildegaud Hildevold Hildoin Hilduin Himelin Hincmar Hobard_Hubert Hoel Hoël_Hugh Holger_Holger Hombèrt_Humbert Honfroi_Humphrey Honorâ_Honore Houberd Houdoin Howard_Howard Hrodbert Hucbert Hue_Hugh Hugbert Hugo Hugo_Hugh Hugobert Hugubert_Hubert Hugues_Hugh Hugués_Hugh Hugues-Jofré Huiarnviu_Harvey Humbert_Humbert Humberto_Humbert Hunold Ilan Ilbert Ildut Ilère_Hilarius Ilias Imnachar Inès Ingalbert Ingomer Iocilin_Joscelin Isbrand Isbret Isembart Isidôr_Isidor Iusti Ives Ivo Ivo_Yves Jacco_Jacob Jacen Jacme_Jacob Jâco_Jacob Jacob_Jacob Jacques_Jacob Jafrez Jafrez_Godfrey Jakez Jakez_Jacob Jalm Jan_John Jaoua Jaqués_Jacob Jasper Jaspert Jasperto Jaufré_Godfrey Jaufres_Godfrey Jaufrés_Godfrey Jaufret_Godfrey Jaume_Jacob Jaumes_Jacob Jean Jean_John Jeanne Jehan Jehan_John Jérémy Jermen Jermen_Germanos Jerome Jilberzh_Gilbert Joan_John Joan-Alfonse_John-Alphonse Joan-Geraud Jofrè_Godfrey John Jonas Jonathan Jop_Joseph Jord Jord_Jordan Jordain_Jordan Jordan Jordan_Jordan Jorge_George Jos Joscelyn_Joscelin Josselin_Joscelin Jourdain_Jordan Judikael Judikael_Judikael Jules Jules_Julian Julian_Julian Julien Julien_Julian Justin Kado_Cadoc Kadog_Cadoc Kadvalaer Kaourantin Karadeg Karadeg_Caradog Karim Karles_Charles Karlz_Charles Kavan Kévin Klaoda Konan Konan_Conan Kongar Konwoion Koulizh Lambard Lambard_Lambert Lambert Lambert_Lambert Lancelyn_Lancelot Landuin Lantbert Lantfrid Laorans_Laurence Latro Launcelot_Lancelot Laurènç_Laurence Laurènço_Laurence Laurent Leobas Leodegar Léon Leon_Leo Léonard Leonardo Leopold Leri Leudast Leudebaud Leudebold Lewis_Louis Ligier Lionâl_Leo Lionâr_Leonard Liudhard Liudver Liutbert Liutward Loeiz_Louis Loïc Loïs_Louis Loïso_Louis Lop_Lupo Lopo_Lupo Loris Lotaro Lothaire_Lothar Lothar Louen_Louis Loui_Louis Louis Louis_Louis Loup_Lupo Lovell Loys_Louis Luca Lucas Ludger Ludouic_Louis Ludouin Ludovic Luis_Louis Lukaz Lukaz_Lucas Lull Lutbert Luthard Machieu_Matthew Maelog Magnachar Magneric Mainard Mainard_Meinhard Mainfroi_Manfred Maldred Mallobaude Mallobaudes Manassès Manuel_Manuel Marachar Marçau Marco_Marcus Marcomer Marcus Marell Marquart Marrec Marsélen_Marcel Marsi_Marcel Martin Martin_Martin Martino_Martin Martrud Marzhin_Martin Massimen_Maximos Matel_Matthew Matfre_Manfred Matfrid Mathieu Mathieu_Matthew Matias_Matthew Matieu_Matthew Matteo Matthias Maugre_Mauger Maurice Mauricio Maurifi Max Maxence Maxime Mazhe_Matthew Mechiél_Michael Medâr_Medardus Medard Mèdèo_Amadeus Meginhard Meogon Meriadeg Merogais Merovech Mertin_Martin Michael Michel Michel_Michael Michelo_Michael Michels_Michael Mihael_Michael Mikael_Michael Milo Miquel Miquel_Michael Miro Mirot Mitchell Modoald Moduin Moris_Maurice Morvan Moté_Timotheos Mummolin Munderic Myles_Milosz Nathan Nebiogastes Neven Nicholaus_Nicholas Niclaès_Nicholas Nicola_Nicholas Nicolas Nicolas_Nicholas Nicolau_Nicholas Nicolin_Nicholas Nigel_Nigel Nikolaz_Nicholas Nominoe Nordebert Nordegund Normand Nunne_Nuno Oddo_Otto Odelric Odgar Odinel_Otto Odo Odolric Odon_Otto Odone_Otto Oger Oggery_Holger Ogier Olibier Olier_Oliver Olivier Olivier_Oliver Ombêr_Humbert Onfrés Onfroy Onno Or_Ursus Orderic Orson Orsón Osbern_Asbjörn Osmond_Osmund Oswulf_Osulf Oswyn Ot_Otto Otbert Otgeri Othon_Otto Otker Oton_Otto Otón_Otto Otouin Otto_Otto Otton_Otto Ottone_Otto Oudin_Otto Oyen_Eugene Padrig_Patrick Paen_Pagan Pagain_Pagan Panteleon Paol_Paul Pasquitan Patrick Pau_Paul Payen_Pagan Pèire_Peter Péire-Arnaut Péire-Raimond Pèlagie_Pelagius Pepin Pêr_Peter Peragnudeto Peranudet Percyvell_Percival Père_Peter Pere-Amat Péter Pharamond Philibert Philip_Philip Philippe_Philip Philippo_Philip Piere_Peter Pierre Pierre_Peter Piérro_Peter Piers Piers_Peter Pieter_Peter Pippin Pirres_Peter Pol_Paul Ponç_Pons Ponce_Pons Ponço_Pons Pons_Pons Poulinère_Apollinaris Quentin Radulf Ragambald Ragena Ragenard Ragenfrid Raginari Ragnachar Ragnald Ragno Raignoldo_Reinhold Raimbaldo Raimbaud Raimbaut Raimbold Raimon Raimon_Raymond Raimond_Raymond Raimond-Berenguié_Raymond-Berengar Raimone_Raymond Raimundo_Raymond Rainald Rainaldo_Reinhold Rainard_Reinhard Rainaud_Reinhold Rainaut_Reinhold Rainer Rainero Rainers Ramien_Raymond Ramnulf Ramoun_Raymond Ramoun-Folche Rampon Randoul_Randulf Rannulf_Randulf Ranulf Ranulf_Randulf Raolf_Ralph Raolfo_Ralph Raoul_Ralph Raphaël Ratbert Rathar Raul_Ralph Raulf_Ralph Raulyn_Ralph Raymond_Raymond Raynaud_Reinhold Raynold Rebigner Redemund Reginar Reginari Reinerd Reinoud_Reinhold Remi_Remi Rèmon_Raymond Renaldo_Reinhold Renan Renard Renart Renaud_Reinhold Revertier Reynaud_Reinhold Reyner_Rayner Reynfrey Rhaban Riaged Riambaud Ricard_Richard Ricardo_Richard Ricchar Richard_Richard Richomer Rico_Henry Rieul Rignomer Rigobert Riok Riwall Robaldo Robard_Robert Rober_Robert Robert Robert_Robert Robèrt_Robert Roberto_Robert Robèrto_Robert Robin Robín Robrert_Robert Roche Rodèric_Roderick Rodulf Roelof Roger_Roger Rogerio_Roger Rogier_Roger Rogiero_Roger Roland Rolfe_Rolf Rolland_Roland Rollo_Rolf Romain Ronan Roparzh_Robert Rorgon Rorgón Rorgues Roscelin Rotbert Roubaud Rouland_Roland Roussel Ruotbert Rutger Saer_Sayer Sagard_Sayer Salaün_Salamon Samiel_Samuel Samo Samuel Samzun Sanç_Sancho Sance_Sancho Sancho_Sancho Sanço_Sancho Sandre_Alexander Savar Savarico Savarics Savary Savêtro_Silvester Sebastien_Sebastian Segoin Seguin Seog_George Sèrilye_Cyril Serlo_Serlo Serrell_Serlo Seulpi_Sulpice Sewell Sezar_Kaisarios Sian_John Siâque_Jacob Sicbald Sicco Sichar Sicland Sicleard Siclevold Siegfried Sigebald Sigebert Sigeric Sigismond_Sigmund Sigismund Sigismundo_Sigmund Sigobert Silven_Silvanus Simon_Simon Simoun_Simon Sinop Souprien_Cyprian Stefen_Stephen Stein_Sten Stéphane_Stephen Steven_Stephen Suidbert Sunier Sunifred Sunnegisil Sunno Sunyer Sylvester_Silvester Talebot Tancrad Tancred Tanet Tanguy Tassilo Tebald_Theobaud Tedbert Teoderic Téodule_Theodore Teotbert Tetbert Teutbald Teutbert Thancred Thegan Theobald Theodard Theoderic Theodolf Theoric Theudebald Theudebert Theudemer Theudemeres Theuderic Theudis Theudoald Theutbald Thibault Thibault_Theobald Thibaut Thiébaut_Theobald Thierry_Thierry Thierulf Thim_Timotheos Thomas Thomas_Thomas Thuidis Tibaldo_Theobald Tibaud_Theobald Tibaudo_Theobald Tiebaldo_Theobald Tierio_Thierry Tièrri_Thierry Tièrro_Thierry Tiillo_Attilius Tom Tomas_Thomas Tomás_Thomas Torf_Torfi Toubie_Tobias Toumas_Thomas Treveur Tristan Trutgaud Tudual_Tewdwr Turold_Thorvald Turquetil_Torkel Turstin_Torsten Turtoualdus Tybaut_Theobald Ubald Ubert_Humbert Uberto_Humbert Uc_Hugh Uco_Hugh Udalard Ugo_Hugh Ugues_Hugh Urvod Vaelram Valentin Valeran Valter_Walter Variste_Evaristus Vauquelin_Walker Vedast Venchian_Vincent Vensan_Vincent Vesiano Vézian Vicenç_Vincent Vicenço_Vincent Vidaud Vincent Vinsant_Vincent Vinsen_Vincent Viquer Vitor_Victor Vitoren_Victor Volfard Vormvini Vuitard Vulfari Vulframn Vulvari Waifer Waïfre_Waifar Wala Walafrid Walchun Waldebert Waldon Waltgaud Wariner_Werner Warren_Werner Wauter_Walter Werinbert Wigeric Wilbert William_William Williame_William Willibrord Willichar Wiomarch Wiscard Wolfari Wulfram Wy_Guy Wyat_Guy Wymer_Wemund Wymond_Wemund Xavier Yann_John Yonec Ysembert_Isembard Yves Zavié Zaviéro Zéfi
		}
		female_names = {
			Ada Ada_Adela Adalaïda_Adelaide Adaleide_Adelaide Adalgardis Adallinda Adalmoda_Almodis Adalmode_Almodis Adaltrude Adaluildis Adela_Adela Adèla_Adela Adelaida_Adelaide Adelaide Adelaide_Adelaide Adelaidis Adèle_Adela Adelheide_Adelaide Adelice Adelin_Adela Adelinda Adelinde Adelise Adeltrudis Adelyn Adelysia_Adela Adile Aete Agaete Agata_Agatha Agathe_Agatha Agnes_Agnes Agnès_Agnes Agnez_Agnes Aimie Aïna_Emma Ainès_Agnes Airelle Airsenda Alaïs Alaïs_Alice Alaïsa Alamande Alana Albofleda Albrada Alcidie Alda Aldegonde Aldonce_Aldonza Aléa Aléarda Aléarde Aleide Alesi_Alexis Alexandra Alexandre Alexanne Alexe Alexia Algaburgue Aliberta Aliç_Alice Alice Alice_Alice Alicia Alienòr_Eleanor Aliénor_Eleanor Alienora_Eleanor Alienòra_Eleanor Aliette Aline Aliquen Alis_Alice Alise_Alice Alisse_Alice Alitrudis Alix Alix_Alice Alix-Anne Allyriane Almodes_Almodis Almodis_Almodis Almòdis_Almodis Almòdisa_Almodis Alpaida Alpaïs Altrude Alyna Alys_Alice Alysone_Alice Amaelle Amalberga Amandine Amaranthe Ambre Ambroisine Amburga Amela_Amelia Amélie Amelie_Amelia Amethyste Ana_Anna Anaïs Ananbele Anastase Andree-Anne Andree-Marie Andreline Andreva Angarin Ange Angele Angelie Anglesa Anjèle_Angela Anna_Anna Annabelle_Anna Anne_Anna Anne-Aurelie Anne-Fleur Anne-Laurie Anne-Perrine Anne-Solenne Annelies_Anna Annick Annick_Anna Ansegudis Ansegundis Antoinette Antoneta Aouregan Aourell Arabelle Aregund Argantlon Argentael Armeline Armengild Armentine Arnaua Arnaudine Arsenda_Arsenda Arsende_Arsenda Arsinda_Arsenda Arsinde_Arsenda Arsindis Arzhela Asceline Assalhida Asta Aubinia_Albina Aubreda_Aubrey Aubrey_Aubrey Auda Aude Aude-Marie Audofleda Audovera Audrey Auelyna_Avelina Augustine Auicia_Avelina Aurelie Auréliia Aurelle Aurembaix Aurengarda Aurengarde Aurore Austrechild Ava Aveline Avenie Avite Azalaïs Azaleïsa Azelie Azelma Azenor Azenor_Eleanor Aziliz_Cecilia Badeloge Balbine Basina Bava Beatriça_Beatrice Béatrice Beatrice_Beatrice Béatrice_Beatrice Beatris_Beatrice Beatritz_Beatrice Beatrix Beatrix_Beatrice Béatrix_Beatrice Beatriz_Beatrice Begga Beladora Beleassez Beliarde Beline Belle Belleassez Benedicta_Benedicta Benoita Benoîte Berched_Brigid Berengera Bérengère Berengière_Berengaria Berenguela Berenguere Beretrude Bernadette Bernadette-Marie Bernegildis Berta Bertenildis Bertha_Berta Bertha_Bertha Berthe Berthefled Berthefried Berthegund Berthildis Berthildis_Bertha Bertrada Beuve Bilichild Bladovildis Blanca_Blanche Blance_Blanche Blanceflore Blanche_Blanche Blanque_Blanche Bleuette Bleuzenn_Blodwen Bona_Bonne Bòna_Bonne Bonne_Bonne Borgoña Borguinã Bourgogne Bourguigne Brandimena Bregida_Brigid Brendana Brunhild Brunhilda Brunisende Brunissenda Busilla_Felicia Camila Camille Camille-Marie Carenne Carlota Carlòta Caroline Cassandra Cassiopée Catarina_Catherine Catèlena_Catherine Caterina_Catherine Caterine_Catherine Catherine_Catherine Cathèrine_Catherine Catriene_Catherine Catrine_Catherine Causette Cecila_Cecilia Cécile_Cecilia Cecile-Marie Cecilia_Cecilia Cecilie Cecilie_Cecilia Celia Céline Celsa Celsovildis Ceres Cesarie Chanel Chantal Chantal-Marie Charlotte Charlotte-Marie Chiandine_Alexandra Chiara Chievie_Silvia Chlodosind Chloé Chlothsinda Chrodegard Cille Cindelle Cirielle Claire Claire-Anais Claire-Sophie Clara Clara_Clara Claremonde_Esclarmunda Clarmonda_Esclarmunda Clémence Clemence_Clementia Clemència_Clementia Clementia Clémentine Clemenza_Clementia Cloee Clotild Cloutilda_Clotilde Coline Constança_Constance Constance_Constance Constància_Constance Coralie Creada Cristiana_Christina Cundo Cynthia Dagena Damase Danaee Déborah Delfine Dèline_Adela Delle Deneza Deneza_Denise Deniela Denisa Denise Deuteria Dhuoda Diane Diane-Laure Dolça_Douce Dominiquette Dorise Dosithee Douce_Douce Drilego Echive Eciva Ederna Effi Egalantina Egelina_Egelina Eglantine Eglee Eisabèu_Elisabeth Elanie Elara Eldesendis Eleanor_Eleanor Elen_Helen Elena Elena_Elaine Elena_Helen Eleonora_Eleanor Éléonore_Eleanor Elesbed_Elisabeth Elianne Elienòr_Eleanor Elienòra_Eleanor Elionor_Eleanor Elisa Elisa_Elisabeth Elisabèta_Elisabeth Elisabete_Elisabeth Elisabeth Elisabeth_Elisabeth Elise Elise_Elisabeth Elise-Marie Elisende Eliza Eliza_Elisabeth Ellinore_Eleanor Eloda Elodie Élodie Elodie-Marie Eloïse Elyenora_Eleanor Elysant_Elysande Ema_Emma Emilie Emma Emma_Emma Emmelie Emmony Emylyna_Amelia Engelberga Enora Enougen Epiphanie Eremberga Eremburga Eria_Erica Ermenerde Ermengard Ermengarda_Ermengarde Ermengarde_Ermengarde Ermengardis Ermengildis Ermensindis Ermentrude Ermessenda_Ermesinda Ermessende_Ermesinda Ermessentz_Ermesinda Ermessinda_Ermesinda Ermessinde_Ermesinda Ermingarde_Ermengarde Ermyntrude Erwana_Yvonne Esclaramunde_Esclarmunda Esclarmonda_Esclarmunda Esclarmonde_Esclarmunda Esclarmunda_Esclarmunda Estée Estefania_Stephania Estefanie_Stephania Estêl_Stella Estelle Estephania_Stephania Estêr_Ester Etienneta Étiennette Eudionde Eudokia_Eudocia Eufèmia Eufrosina_Euphrosyne Euphrosina_Euphrosyne Euphrosine_Euphrosyne Eustachie Eustaquia Eva_Eva Eva-Anna_Eve Eve_Eva Eve_Eve Evette Fabiene Faidida Faileuba Faregildis Fastrada Fauste Félésité_Felicia Felicia_Felicia Felipa_Philippa Felixe Fenne Fides Filipa_Philippa Filippa Filippa_Philippa Filomena Filomene Filomène_Philomena Flandina Fleure Flor_Flora Flòra_Flora Floralie Florence Florie-Anne Florissa Framberta Francesa_Francesca Franseza Fredegund Fredegunde Fredesende_Fressende Frenegrande Fressenda_Fressende Fressende_Fressende Frida Frolaica Frotberga Frotlildis Frotlina Frumence Gabie Gaela Gaëlle Gaia Galadriel Galcerande Galienne Galswinth Garcenda Garence Gaudildis Gausfredine Gautlindis Gemme Genereuse Genevieve Genevieve-Marie Geneviva Gerberga_Gerberga Gerbèrga_Gerberga Gerberge_Gerberga Gerda Gersenda Gersent_Gersenda Gersvinda Gertrude Geua Ghertrude_Gertrude Giabet_Elisabeth Gillianne Gimarca Gioana_Joan Gioulie_Juliana Gisela Gisela_Gisela Gisèle_Gisela Gisella_Gisela Gisla_Gisela Giuliana_Juliana Gladez Gladez_Gwladys Gllôda_Claudia Godehilde_Godhild Godelive Godila Gohilde_Godhild Goiswinth Gotberga Gotrudes Griseldis Gudula Guerauette Guigone Guilheumina Guilla Guillaumeta Guillaumette Guillemine Guilleumine Guinilde Guisle_Gisela Gundelina Gundrada Gundred Gunnora Guntheuc Gwanaelle Gwen_Gwen Gwenn_Gwen Gyslene Hadouine Halderudis Hannelore Harildis Hawiz Hawiz_Hawise Hawyse_Hawise Hedwige_Hedwig Hegelina_Egelina Hegesippe Helena_Helen Hélène Helene-Marie Helewyse_Eloise Heloisa_Eloise Heloise_Eloise Héloise_Eloise Helvis Helvisa Helyssent_Elysande Heodez Heria Herleva_Herleva Herleve_Herleva Herlinda Hermessent_Ermesinda Hermineite Herminie Hersilie Hervine Hildegard Hildegarde Hildegardis Hildesendis Hilligonda Hiltrude Himiltrude Hodierna Hodierne Hoela Hrotswitha Hrotwitha Hugolinae_Hugolina Huguete_Hugolina Husewyf Hyancinthe Ida_Ida Idalie Ide_Ida Ides_Ida Idora Ildegarda_Hildegard Ildégarde_Hildegard Ilisabete Illegardis Imagina Ina Inès Inesse Ingitrude Ingohildis Ingunde Inhund Iolanda_Yolanda Iolande Ioulanda_Yolanda Irene_Irene Irmina Isabeau_Elisabeth Isabel_Elisabeth Isabèl_Elisabeth Isabèla_Elisabeth Isabele Isabella_Elisabeth Isabelle Isabelle_Elisabeth Isabelle-Marie Isabèu_Elisabeth Isolde Itta Iudithe Ivette Ivonne_Yvonne Izolde Jaccobine Jacoba Jacquie Jacquine Jaelle Jane_Joan Janed Janed_Joan Janinne Jaria Jasminne Jeanne Jeanne_Joan Jennifair Jenovefa Jessi Jessica Jionefi Joana_Joan Joane_Joan Johanna_Joan Jolanda Jolene Jordanne Jozette Judit_Judith Judite_Judith Judith_Judith Julena_Juliana Julia Juliana_Juliana Juliane_Juliana Julie Julienne_Juliana Juliette Junie Jusiane Juste Justine Jutte Kaline Kamille Karel Karidwen Katell Katell_Catherine Kathiana Kazmira Kelly Kim Klaoda_Claudia Konstanza_Constance Koralie Kristen_Christina Kyliane Laena Laetitia Lamberte Landina Lanthechilde Lantsida Laoransa Lara Laura Laura_Laura Laura-Amelie Laura-Anais Laura-Line Laurdine Laure Laurence Laurie Laurry Lazare Léa Léandre Leila Léna Leocadie Leoda Leonette Léonora_Eleanor Leóunora_Eleanor Lesceline Letgarde Leubast Leubovera Leutberga Leutgardis Levenez Lidouine Lieslotte Lili-Marie Lili-Rose Lillian Line-Rose Linette Lisa Lisebette_Elisabeth Lisseut Lithuaise Liutgarde Lizon Loeiza_Louise Loïsa_Louise Loraine Louella Louise Lúcia Lúcia_Lucia Lucie Ludivine Ludovie Luitgard Lux Mabel_Mabel Mabila Machetela Madalen Madalena_Magdalena Madelaine Madelêna_Magdalena Madelgarde Madenn Maela Maelle Mafalda Maghenyld Magnatrude Mahaut_Mahaut Maigane Maïlis Maior Malfleur Malta Mame-Diarra Manon Marauta_Mahaut Marcatrude Marcharit_Margaret Marcovefa Margaret_Margaret Margarette_Margaret Margarida_Margaret Margaride_Margaret Margaux Margot Margot_Margaret Margota Marguerita_Margaret Marguerite_Margaret Marguita_Margaret Mari_Maria Maria_Maria Mariane Marie_Maria Marie-Adele Marie-Augusta Marie-Celestine Marie-Charlene Marie-Fleur Marie-Joele Marie-Leontine Marie-Rosalie Marie-Severine Marine Marion Marquèse Marquisa Marta_Martha Mârte_Martha Marthe_Martha Martinga Marzhina Mascarosa_Mascarosa Mascaròsa_Mascarosa Mascarose_Mascarosa Matheode Mathide Mathilde_Matilda Matilda_Matilda Matilin_Magdalena Maud_Matilda Mautild_Matilda Maxellende Maxence Maysant_Maysoon Medaline Medania Megane Mélanie Mélina Melisanda_Melisende Mélisande_Melisende Melisenda_Melisende Melisènda_Melisende Mélisende_Melisende Mélissa Melusina Mélusine Metylda_Matilda Michelle Mignonne Minette Mirabelle Mirelle Modeste Mona Monegundis Montserrat Morberga Morgana Morgana_Morganna Morgane Morganez_Morganna Morvana Muriella Mylisant_Maysoon Nanthild Naomi Natalie Nataline Navar Nedeleg Nestorine Nica_Veronica Nicephore Nieves Nimugild Ninnog Noee Noellie Noémie Nolene Nolwenn Nolwenne Nonciade Nonn Nora Nora_Eleanor Nourine_Honorina Oanez Oanez_Agnes Obeline Océane Oculie Oda Odelte Odile Ofelie Olinde Olivine Olympias_Olympia Olympie Onesiphore Onna Ophélie Orancie Orasie Orèlie_Aurelia Òria Oriolda Orthense Oscarine Otilia Ovida Pacifique Padriga_Patricia Pamphilia Pascalie Patricia_Patricia Pauline Pauline-Marie Peironèla_Peronella Perina Perinne Perlesault Pernella_Peronella Pernelle_Peronella Perneta Pernette Peronela_Peronella Péronelle_Peronella Peronne Petronilha_Petronilla Phanette Pharaildis Philogene Pierette Pieternelle_Petronilla Placidie Plaisança_Plaisance Plaisance_Plaisance Plectrude Pomeline Pomme Pontia Poulonie_Apollonia Praxede Pricille Prisque Prospere Prosperine Prostlon Puella Puelle Pulcherie Querin Rachel Radegund Raimonda Raisenda Ramona Ramonda Raymonde Raymone Regintrud Reine-Claude Reine-Marie Reinelde Reineldis Reinette Reinilde Renée Renee-Claire Renee-Claude Renelise Repanse Rhadegund Ricarda_Ricarda Richardis Richenda_Ricarda Richènda_Ricarda Richilde Rigunth Rikmai Riquilde Rivanon_Rhiannon Rocca_Ricard Rochelle Rohese_Rohese Romaine Ronana Rosa Rosalinde Rosaline_Rose Rosamund Rosane Rose Rose-Aimee Rosèla Roselle Rosemarie Rosemee Rossamond Rothaide Rotrude Royce_Rohese Rozenn Rumengild Ruohaid Ruothilde Rykeld Sabeline Sabrina Sadalberga Salomee Sana Sança_Sancha Sance_Sancha Sandes Sandra Sanne Santine Sara Sarah Sarrazina Sarrazine Saura Scarlette Sebastienne Selevie_Silvia Seloua Serafine Seraphie Seraphine Seravaise Seva Sibile Sibilla_Sibylla Sibille_Sibylla Sibyl_Sibylla Sibylla_Sibylla Sichilde Siclehildis Sigalsis Sigerda Silie Silvanie Silvere Sirisgard Sofia Solena Solène Sonengund Sophia_Sophia Sophie Sophie_Sophia Sophie-Anne Sophie-Marie Sosthene Souanilde Stelle Stephanie Stephanie_Stephania Stéphanie_Stephania Sterenn Sulgwenn Surelie Swanachild Swetyene Sybille_Sibylla Syrine Teburga_Tiburge Tedvil Téofile_Theophile Terèsa_Teresa Terese_Teresa Teutberga Thaise Theodelinda Theoderada Theodosie Theodrada Theotiste Therese-Marie Thereze_Teresa Thien Thumette Tiborg_Tiburge Tiborga_Tiburge Tiburga_Tiburge Tiburge_Tiburge Timbor Toda_Toda Togneta_Antonia Toussainte Trifin Tristana Tristane Uguette Ultrogotha Umfreda Urbaine Uriell Urraque_Urraca Ursuline Valdrade Valença_Yolanda Valence Valence_Yolanda Valèncie Valentine Valerie Valerie-Anne Valerine Valiamee Valtrude Vanessa Veleda Venance Vendelmètte Venerande Venna Verena Verena_Verena Vermengard Veronique Veronique-Marie Verounica Victoria_Victoria Victoriane_Victoria Victorienne_Victoria Vielgenie_Virginia Vila Vincence Violanda_Yolanda Violante_Yolanda Violene_Yolanda Violent_Yolanda Violette Virginie Vitourine_Victoria Vivette Vivienne Vuldretrada Waldrada Walswitha Wevia_Wive Wieme Wilfride Williane Wilmot_Wilhelmine Wissale Wyf_Wive Xaverine Xaviera Ximena Yaele Yannique Yasmine Yda_Ida Yolanda_Yolanda Yolande_Yolanda Yolene Yolette Youenna_Joan Ysabelle_Elisabeth Yvette_Yvonne Yvonne_Yvonne Yvonnette_Yvonne Zelinda Zeline Zenobie Zenoubie_Zenobia Zephirine Zoé Zoee Zoete Zofia Zophie
		}

		from_dynasty_prefix = "de "

		modifier = bretonnian_culture_modifier

		pat_grf_name_chance = 80
		mat_grf_name_chance = 0
		father_name_chance = 0

		pat_grm_name_chance = 10
		mat_grm_name_chance = 50
		mother_name_chance = 0
		allow_in_ruler_designer = yes
	}
}
